Gene.name	log2FoldChange	287	293	295	296	308	310	314	316
Dlat	-5.517839325	110.5738471	1050.862764	652.0012585	2271.004431	0.5294293992	0.701707858	111.1273436	4.009222519
Btbd17	7.691953345	0.583503151	0.6904485968	0.0	0.6803488409	162.53482549999998	204.8986945	27.78183589	1.336407506
Mx1	10.32795747	0.0	0.3452242984	0.0	0.0	528.8999698	55.78577471	55.56367178	0.0
Egfl6	9.356027704	0.583503151	0.0	0.4250334149	1.3606976819999999	984.7386825	506.9839274	0.0	0.0
Slc5a5	-8.444429372	0.0	84.57995311	534.692036	0.0	0.0	0.701707858	0.0	0.6682037532
Kcnn3	9.052734849	0.583503151	0.0	0.0	0.0	216.53662430000003	172.6201331	0.0	0.0
B9d1	-7.340712717000001	0.0	97.69847645	384.6552405	0.6803488409	1.058858798	0.0	0.0	0.0
N4bp3	-8.098385407	0.0	402.8767562	273.2964858	0.0	0.0	0.0	0.0	2.0046112590000003
Ramp2	9.277384345	0.2917515755	0.0	0.0	0.0	254.65554100000003	51.92638149	0.0	0.0
Gabrg1	9.52443074	1.750509453	0.3452242984	0.0	4.762441887	4368.851402	23.15635931	555.6367177999999	0.6682037532
Tubb6	9.426516657999999	0.0	0.0	0.0	1.3606976819999999	293.30388710000005	345.59112000000005	27.78183589	2.0046112590000003
Col1a1	9.919914435	0.2917515755	0.6904485968	0.0	0.0	22.23603477	399.2717712	111.1273436	524.5399462
Tcea3	-7.713857969	0.0	143.9585324	340.02673189999996	0.0	0.0	0.0	0.0	0.6682037532
Smo	6.620500888	0.2917515755	13.46374764	0.0	0.0	24.88318176	0.0	861.2369126	483.1113135
Gria3	8.8724586	0.0	0.0	0.0	0.0	0.0	111.2206955	27.78183589	2.672815013
Spag5	7.367741439	0.2917515755	0.0	25.92703831	0.0	1283.336864	321.03134500000004	222.25468709999998	2499.750241
Spi1	5.706059596	19.54735556	7.940158863	0.0	4.082093046000001	0.5294293992	245.24689640000003	111.1273436	1290.301447
Ppm1j	-7.905881626	148.5015519	0.0	2.9752339039999995	271.4591875	0.0	0.350853929	0.0	0.0
Rhoc	-8.224904737000001	71.18738443	237.5143173	346.4022332	0.0	0.0	0.0	0.0	0.6682037532
Ncan	5.264186274	74.10490018	1.035672895	0.0	4.082093046000001	1309.278904	129.4650998	416.72753839999996	1191.407292
Scin	11.02048949	0.8752547265999999	0.0	0.0	0.0	0.5294293992	522.4215002000001	55.56367178	1516.82252
Gnmt	-8.257009468	0.0	174.33827069999998	161.9377311	1.3606976819999999	0.0	0.0	0.0	0.0
Ggct	-7.157782237999999	430.04182230000004	17.26121492	0.0	3092.865831	1.058858798	0.0	55.56367178	0.6682037532
Jag2	11.26904527	0.0	0.0	0.0	0.0	663.9044666	0.350853929	83.34550768	0.0
Cacnb3	6.977063031	59.22556983	0.3452242984	0.0	0.0	0.5294293992	608.7315668	889.0187484999999	6019.179408
Nqo1	-5.370961586	125.16142590000001	818.1815872000001	369.3540376	1864.155824	12.70630558	0.0	83.34550768	2.0046112590000003
Zfp81	-8.28548748	100.94604509999999	231.99072850000002	10.20080196	0.0	0.0	0.0	0.0	0.0
Map3k20	-7.6474589470000005	28.29990283	108.745654	295.39822339999995	0.6803488409	0.0	0.0	0.0	0.6682037532
Col5a3	10.204267100000001	0.8752547265999999	0.6904485968	0.0	0.6803488409	978.9149591	686.9719928999999	111.1273436	885.3699729
Il12b	11.46645512	0.2917515755	0.0	0.0	0.0	1170.5684019999999	186.65429019999996	55.56367178	0.0
Pde1c	8.20434574	1.4587578780000001	7.594934565	0.0	0.0	319.2459277	1.754269645	55.56367178	2316.662412
Large1	8.956295392000001	0.0	0.3452242984	0.0	0.0	111.70960320000002	132.97363909999999	0.0	0.0
Zfp324	-10.00732964	0.0	637.2840547999999	494.31386160000005	0.6803488409	0.0	0.0	0.0	0.0
Arhgef40	6.601795487	0.8752547265999999	10.35672895	0.0	2.0410465230000003	1054.093934	149.11291980000001	83.34550768	1.336407506
Bcan	6.8245388689999995	215.31266269999998	84.57995311	1.70013366	9.524883772999999	13187.02747	5168.429228	2555.928902	14367.0489
Dtx2	-10.07350185	31.21741858	277.5603359	85.85674982	1848.5078010000002	0.0	0.0	0.0	0.6682037532
Hspb1	-7.376831579	0.0	150.17256980000002	223.9926097	1.3606976819999999	0.0	0.0	0.0	0.6682037532
Slc1a2	4.342509989	907.930903	285.8457191	692.3794329	23.13186059	19484.06075	6142.399735	3945.020697	9157.732437
Slc2a9	6.125396212999999	18.08859768	0.0	0.0	0.0	76.76726288	111.2206955	694.5458973	398.2494369
Prlr	-9.763602151	0.2917515755	7806.211834999999	7535.417412999999	4.082093046000001	0.0	0.0	0.0	15.36868632
Tbl2	-7.163689011000001	305.172148	44.87915879	0.4250334149	1628.074776	0.0	4.561101077	27.78183589	0.0
Il27ra	5.869795912000001	0.583503151	40.04601861	0.0	0.0	281.65644039999995	385.237614	138.9091795	1570.27882
Rfx5	11.56137118	0.2917515755	0.0	0.0	0.0	0.5294293992	160.3402455	138.9091795	1210.116997
Kctd20	-6.6800005670000004	189.63852409999998	2.416570089	258.4203163	590.5427938999999	0.0	2.455977503	27.78183589	0.6682037532
Ephb3	11.72716254	0.2917515755	0.0	0.4250334149	0.0	0.0	70.1707858	194.47285119999998	2477.699517
Eps8l1	-7.975590157	146.7510425	60.41425222	0.4250334149	664.7008176	0.0	0.0	27.78183589	0.0
5430419D17Rik	-8.818396859	0.0	188.83769119999997	311.97452660000005	0.0	0.0	0.0	0.0	0.0
Htra1	5.428840719	396.78214269999995	8.975831758	167.8881989	12.92662798	12212.34795	4479.001257	1778.0374969999998	6796.968577
Kmt2b	9.436728209	1.167006302	0.0	0.0	0.0	50.82522232	450.84729869999995	138.9091795	256.5902412
Tmem110	6.334428443999999	0.2917515755	7.594934565	0.0	3.401744205	5.294293992	509.08905089999996	55.56367178	333.4336728
Pole	11.68235612	0.0	0.0	0.0	0.0	0.5294293992	312.61085069999996	694.5458973	0.0
Mrpl49	-6.56970316	139.16550149999998	444.64889630000005	194.665304	1.3606976819999999	0.0	0.0	27.78183589	2.0046112590000003
Ankrd26	10.78764503	0.2917515755	0.0	0.0	0.0	1.058858798	427.69093939999993	83.34550768	368.84847169999995
Ift22	-9.011962674	0.2917515755	208.1702519	758.2596122	685.1112828	0.0	0.0	0.0	1.336407506
Clstn3	-8.505491045	0.0	77.33024284	326.4256627	0.0	0.0	0.0	0.0	0.0
Scrn3	-8.450093455	0.2917515755	152.2439156	230.3681109	0.6803488409	0.0	0.0	0.0	0.0
Slc16a12	-7.375552911000001	0.0	320.36814889999994	238.01871239999997	0.6803488409	0.0	0.0	0.0	1.336407506
Sardh	10.78809952	0.2917515755	0.3452242984	0.0	0.0	243.53752360000001	201.39015519999998	916.8005844	40.76042894
Vav2	6.458748827000001	21.88136816	0.0	0.0	0.6803488409	165.1819725	152.97231299999999	361.1638666	1316.361394
Pifo	-6.966766428	46.97200366	352.1287844	309.42432610000003	2.0410465230000003	0.0	1.0525617870000001	0.0	2.0046112590000003
Tmem86a	-9.628202619	1.167006302	595.857139	5.950467809	1779.792568	0.5294293992	0.0	0.0	0.6682037532
Rnf170	9.717092298999999	0.0	0.0	0.0	0.0	171.5351253	54.03150506	27.78183589	0.0
Trpv4	-9.560793503	0.583503151	2992.749443	3193.276046	4116.110488	0.0	0.0	27.78183589	4.677426272
Mertk	7.754705182	4.959776784	35.21287844	0.4250334149	7.48383725	4681.7441770000005	977.4790461000001	944.5824203	3790.0516880000005
Klra17	9.391830277	0.2917515755	0.0	0.0	0.0	0.0	217.17858199999998	0.0	114.93104550000001
Elmo3	-7.954804275	0.0	642.8076436000001	187.0147026	1.3606976819999999	0.0	0.0	0.0	1.336407506
4931428F04Rik	22.89340676	0.0	0.0	0.0	0.0	567.0188865	0.0	83.34550768	0.0
Casd1	-8.611455065	323.2607457	371.80656939999994	708.5307027000001	0.0	0.0	0.0	27.78183589	0.0
Bola1	-6.0554268239999995	149.37680669999997	380.0919525	53.55421028	1.3606976819999999	1.058858798	0.0	27.78183589	1.336407506
Fcgr1	8.063086085	2.62576418	0.0	0.0	0.0	666.5516136	0.350853929	55.56367178	0.0
E2f3	11.03430975	0.0	0.0	0.0	0.0	91.59128606	0.0	555.6367177999999	0.0
Cd34	7.183850988	3.792770482	1.035672895	0.0	1.3606976819999999	344.6585389	260.3336153	305.60019480000005	0.0
Phf21b	8.921355361	2.334012604	0.0	0.0	0.0	487.07504720000003	0.0	694.5458973	3.3410187660000004
Acot8	-7.050465871	82.56569587	73.87799986	0.0	1141.6253550000001	2.117717597	0.0	0.0	4.009222519
Mpp2	-6.75608633	330.84628660000004	142.9228595	47.17870906	1.3606976819999999	0.5294293992	0.0	27.78183589	0.0
Plxdc1	9.698612346	0.0	0.0	0.0	0.0	53.47236932	195.4256384	0.0	0.0
Etv4	10.50985526	0.0	0.0	0.0	0.6803488409	75.70840408	0.0	666.7640614000001	0.0
Dhx58	8.127229342	3.792770482	0.0	0.0	0.6803488409	815.8507041	342.0825808	111.1273436	0.6682037532
Cyth3	-5.947898352999999	308.9649185	119.4476072	0.4250334149	2622.064433	0.5294293992	27.36660646	27.78183589	0.0
Gpx3	-7.783687586	176.5097032	2333.716257	5310.79252	1430.773613	0.0	22.45465145	0.0	13.36407506
Ypel2	-4.880367509	228.44148360000003	363.8664105	46.32864223	729.3339575	1.058858798	1.754269645	55.56367178	12.02766756
Appbp2	-6.965821291	124.5779227	81.47293442	553.3935062	2316.587803	0.0	0.350853929	55.56367178	3.3410187660000004
Cenpv	13.26822974	0.0	0.0	0.0	0.0	0.0	49.82125791	2333.674215	627.4433242
Dusp14	-25.17272921	0.0	177.1000651	700.8801012	0.0	0.0	0.0	0.0	0.0
Fdxr	7.949266419	4.376273633	0.3452242984	0.0	0.0	686.6699307	204.1969867	83.34550768	228.5256836
Chtf18	9.397446156	0.0	0.0	0.0	0.6803488409	307.59848089999997	0.0	27.78183589	0.0
Etnppl	5.683391505	2.334012604	122.20940159999998	0.0	8.164186091	1704.7626649999997	1359.558975	694.5458973	3060.373189
Ahr	10.17193029	0.0	0.0	0.0	0.0	0.0	277.17460389999997	0.0	69.49319033
Gdpd2	9.261945368	1.167006302	0.0	0.0	2.7213953639999997	1627.465973	287.34936780000004	388.9457025	0.6682037532
Tlcd1	4.520617706	185.8457536	72.15187837	0.4250334149	33.33709321	1847.1791739999999	1044.843	527.8548819	3272.1937789999997
Tmc4	9.393897418	0.0	0.0	0.0	0.0	162.53482549999998	38.59393219	0.0	0.0
Syne4	9.075789497	1.750509453	0.0	0.0	0.0	683.4933543	286.296806	27.78183589	0.6682037532
Ccdc170	-24.07019743	0.0	353.5096816	36.9779071	0.0	0.0	0.0	0.0	0.0
Prep	6.703057283	0.8752547265999999	32.79630835	0.0	2.0410465230000003	1442.695113	372.95772650000004	889.0187484999999	1027.029169
Perp	-9.262427342	0.0	453.2795038	1564.973034	0.6803488409	0.0	0.0	0.0	2.672815013
Mgat4c	10.67698049	0.2917515755	0.0	0.0	0.0	654.3747374	104.5544708	55.56367178	0.6682037532
Pde7b	7.52538846	0.8752547265999999	0.0	0.4250334149	0.0	18.00059957	142.7975491	0.0	85.5300804
Slc29a3	8.923450682999999	3.501018906	0.3452242984	0.0	1.3606976819999999	1184.862995	1219.5682570000001	138.9091795	1.336407506
Egfr	9.816324052999999	0.2917515755	0.0	0.0	0.0	221.3014889	92.97629118	138.9091795	0.0
Lgr5	8.159628864	0.583503151	0.3452242984	0.4250334149	1.3606976819999999	663.9044666	0.701707858	83.34550768	1.336407506
Slc1a4	8.308164758	2.334012604	0.3452242984	14.45113611	2.0410465230000003	562.2540219	194.0222227	2833.747261	2497.745629
Best3	-24.88790927	0.0	109.78132690000001	602.6973824	0.0	0.0	0.0	0.0	0.0
Ltc4s	-8.097654696000001	0.2917515755	478.48087760000004	357.87813539999996	595.3052357999999	2.647146996	0.0	0.0	0.0
Cdkl3	9.221594482	0.0	1.380897194	0.0	0.0	0.5294293992	16.84098859	111.1273436	729.0102947
Gatsl3	12.11578597	0.2917515755	0.3452242984	0.0	0.0	1014.916158	316.8210979	305.60019480000005	1834.219302
Pgam2	9.603435562	0.0	0.0	0.0	0.6803488409	326.6579393	31.57685361	27.78183589	0.0
Fam20a	9.349926997	0.583503151	1.7261214919999999	0.0	0.6803488409	860.8522031	527.3334552	83.34550768	493.1343698
Adap2	6.8909416939999995	2.62576418	0.0	0.0	1.3606976819999999	414.54321960000004	1.403415716	55.56367178	0.0
Nf1	5.5333812060000005	3.2092673310000004	2.7617943869999997	11.05086879	8.844534932	5.823723391000001	187.0051441	777.891405	242.55796239999998
Grin2c	8.834293833	0.0	0.0	0.4250334149	0.6803488409	64.59038670000001	323.4873225	27.78183589	0.6682037532
Pld2	9.830228536	1.4587578780000001	0.0	0.4250334149	0.0	1560.757869	72.27590937	166.6910154	1.336407506
Scrn2	-23.2045266	0.0	56.27156064	638.8252226	0.0	0.0	0.0	0.0	0.0
Cfap52	-9.842841465	0.0	338.66503670000003	393.1559088	0.0	0.0	0.0	0.0	0.6682037532
Kat2a	7.046834136	0.2917515755	10.01150465	7.225568054	0.0	484.95732960000004	188.0577059	1666.910154	4.009222519
Tmem101	-6.578544149	129.5376995	168.8146819	208.6914067	1.3606976819999999	2.117717597	0.0	0.0	0.6682037532
Adam11	7.868685052999999	1.4587578780000001	11.39240185	0.0	0.6803488409	2339.548515	588.0311849999999	250.036523	0.6682037532
Spata7	-6.945996739	19.54735556	138.4349437	0.0	1276.334426	0.5294293992	6.315370722000001	0.0	0.6682037532
1110008L16Rik	-7.6176890639999995	74.68840333	199.5396445	448.8352862	0.0	0.0	0.0	27.78183589	0.0
Sav1	8.517339056	0.2917515755	0.6904485968	0.8500668298999999	0.0	11.64744678	119.9920437	27.78183589	525.20815
Rgs6	7.836017253	0.2917515755	1.7261214919999999	0.0	0.0	321.36364530000003	123.8514369	27.78183589	1.336407506
Dpf3	9.712352653	0.0	0.0	0.0	0.6803488409	270.538423	10.52561787	138.9091795	2.672815013
Gli3	8.471482433	0.583503151	0.0	0.0	0.0	31.23633455	227.353346	0.0	0.0
Elovl2	11.22845726	1.167006302	0.0	0.0	2.0410465230000003	2980.6875170000003	140.3415716	1833.601169	2427.5842350000003
Nol8	-8.486023282	2.042261029	325.5465134	381.6800066	2.0410465230000003	0.5294293992	0.0	0.0	0.0
Adcy2	9.810901634	0.0	0.0	0.0	0.0	211.77175970000002	57.54004435	0.0	0.0
Cep72	26.26643109	0.0	0.0	0.0	0.0	1.058858798	0.0	166.6910154	1830.21008
Pde8b	7.990642164	0.8752547265999999	0.6904485968	0.0	0.6803488409	362.129709	99.29166190000001	111.1273436	0.0
Elovl7	-7.784598332000001	481.09834800000004	1346.029539	2208.898657	2.7213953639999997	0.5294293992	3.50853929	27.78183589	4.009222519
Pde4d	4.858232521000001	5.83503151	59.03335503	2.55020049	6.123139567999999	561.7245925	94.73056082	166.6910154	1305.0019300000001
Cenpk	-8.013900442	0.0	187.456794	97.75768543	0.6803488409	0.0	0.0	0.0	0.0
Rgs7bp	8.902163398999999	0.2917515755	0.0	0.4250334149	0.0	257.8321174	124.55314479999998	0.0	0.0
Nid2	-9.258389751000001	0.0	771.2310826	1736.6865329999998	0.6803488409	0.0	0.0	0.0	3.3410187660000004
Ecd	-7.118722974	0.8752547265999999	523.3600364	765.0601469	3852.1351369999998	0.0	18.94611216	27.78183589	0.0
Mss51	9.161175955	0.583503151	0.3452242984	0.0	0.0	1.058858798	108.0630101	55.56367178	433.66423580000003
Bmp4	-9.147394683	139.4572531	794.7063349	270.7462853	0.6803488409	0.0	0.0	0.0	0.6682037532
Galnt15	10.94061293	0.0	0.0	0.0	0.6803488409	298.59818110000003	0.0	694.5458973	2.0046112590000003
Nufip1	9.869304023	0.2917515755	0.0	0.0	0.6803488409	479.66303560000006	190.86453740000002	83.34550768	0.0
Ccdc25	-7.463876097000001	70.3121297	81.47293442	807.1384548999999	444.948142	1.058858798	2.455977503	0.0	1.336407506
Gpc5	10.03694426	2.334012604	0.3452242984	0.0	2.0410465230000003	2209.8383120000003	1064.139967	611.2003896000001	1024.356354
Ednrb	4.504748531000001	3.2092673310000004	199.19442019999997	253.3199153	7.48383725	5177.8195240000005	738.8983744	1666.910154	2929.405254
Cldn10	5.3573315610000005	173.5921874	3.797467282	0.4250334149	93.20779121	4187.2571179999995	1645.504927	1166.837107	4104.775656
Rab2b	-25.23983795	0.0	106.6743082	0.4250334149	813.6972138	0.0	0.0	0.0	0.0
Pdzd2	-6.664986783	15.462833499999999	568.9296437999999	117.73425590000001	0.6803488409	0.0	3.1576853610000004	0.0	0.6682037532
Npr3	-25.19174631	0.0	451.208158	440.75965130000003	0.0	0.0	0.0	0.0	0.0
Cideb	7.717439048999999	0.2917515755	2.416570089	0.0	0.0	0.0	55.08406685	55.56367178	471.083646
Zfpm2	11.72654295	0.0	0.0	0.0	0.0	4.764864593	0.0	111.1273436	911.4299193
Cdh10	7.885039837999999	10.79480829	0.3452242984	0.4250334149	1.3606976819999999	1236.7470759999999	224.8973685	388.9457025	1238.849758
Col14a1	-8.213431817	60.39257613	249.94239199999998	16.15126977	0.0	0.0	0.0	0.0	0.0
Nell2	10.7243063	0.2917515755	0.0	0.0	1.3606976819999999	815.3212747	3.8593932189999998	222.25468709999998	1458.688793
Shisa9	9.297737678999999	0.0	0.0	0.0	0.0	27.00089936	0.0	27.78183589	134.9771581
Nectin3	7.706546115	1.167006302	0.3452242984	6.800534638999999	0.0	0.5294293992	304.54121039999995	166.6910154	1266.914316
Lmln	-8.504745227999999	0.2917515755	175.7191679	224.8426765	0.0	0.0	0.0	0.0	0.0
Maats1	-9.048277013	0.0	305.5235041	281.3721207	0.0	0.0	0.0	0.0	0.0
Adamts1	-5.583904292000001	262.2846664	536.8237839999999	1853.145689	2.0410465230000003	0.0	29.47173003	27.78183589	3.3410187660000004
Fmnl3	7.133721727999999	9.044298841	0.3452242984	0.0	0.6803488409	1200.745877	195.0747845	27.78183589	0.6682037532
Gm853	-9.660979497000001	0.0	213.3486164	432.258983	0.0	0.0	0.0	0.0	0.6682037532
Serinc2	-8.347176511	34.13493434	461.564887	700.8801012	0.0	0.0	0.0	27.78183589	0.0
Gabrr2	10.3061441	0.2917515755	0.0	0.0	0.0	531.0176874	70.87249365	27.78183589	0.0
Celsr3	9.974148373	0.0	0.0	0.0	0.0	275.832717	0.0	27.78183589	0.0
Tiam2	7.638646106	10.21130514	2.07134579	0.0	0.6803488409	589.7843507	35.78710076	250.036523	1733.9887390000001
Zscan10	-6.826657227	194.0147977	173.64782209999998	251.6197816	0.0	0.0	0.0	27.78183589	0.6682037532
Cenpq	-8.154892873	134.78922790000001	0.3452242984	10.20080196	1283.8182630000001	0.5294293992	0.0	27.78183589	0.0
Rsph9	-8.815298421	93.36050417	1256.271222	1803.841813	1.3606976819999999	0.0	0.0	0.0	4.009222519
Bysl	-8.49981336	174.46744219999997	805.7535125	351.92766760000006	1.3606976819999999	0.0	0.350853929	0.0	1.336407506
Cbs	5.43890273	64.18534661	1.035672895	0.0	2.0410465230000003	1425.223943	406.28884980000004	194.47285119999998	892.7202142000001
Rfx2	-7.809189213	228.1497321	597.5832605	380.8299398	0.0	0.0	0.0	27.78183589	0.6682037532
Anks1	8.908759659	2.917515755	0.0	0.0	0.6803488409	689.8465071	541.7184662999999	333.38203070000003	208.479571
Pdzph1	10.821765	0.0	0.0	0.0	0.0	455.83871270000003	33.68197718	55.56367178	1.336407506
Nudt12	-10.54749996	0.0	321.40382180000006	462.43635539999997	0.0	0.0	0.350853929	0.0	0.0
Ccny	-6.700489019	27.71639967	359.37849460000007	206.56623969999998	0.6803488409	1.058858798	0.701707858	0.0	1.336407506
Kifc5b	9.690675506	0.0	0.0	0.0	0.0	0.0	33.33112325	27.78183589	187.7652546
Cdh2	8.868243098999999	4.959776784	0.0	0.4250334149	0.6803488409	1967.3596469999998	420.6738608	222.25468709999998	278.6409651
Lims2	9.380279017000001	0.0	0.3452242984	0.0	0.0	301.7747575	0.0	27.78183589	1.336407506
Pggt1b	-6.146414458	200.1415808	212.31294350000002	0.4250334149	346.29756000000003	2.647146996	0.0	27.78183589	0.6682037532
Psmg2	-7.970464136	451.3396873	46.95050458	517.6906994	550.4022123	0.0	0.0	27.78183589	1.336407506
Sall3	9.157277895	1.4587578780000001	0.6904485968	0.0	1.3606976819999999	1402.987908	0.0	166.6910154	420.96836449999995
C330018D20Rik	-7.21999044	301.3793775	106.32908390000001	83.73158274	0.0	0.0	0.0	0.0	1.336407506
Rab3il1	6.019030827000001	5.251528359	1.7261214919999999	0.0	4.762441887	606.7260915	1.403415716	83.34550768	63.47935655
Ms4a6d	6.029114184	4.376273633	0.6904485968	0.4250334149	4.762441887	548.4888575	1.754269645	111.1273436	2.0046112590000003
Trpm6	10.63547204	0.0	0.0	0.0	0.0	0.0	49.11955006	444.5093743	0.0
Sac3d1	-9.319448565	0.0	0.3452242984	149.6117621	554.4843053999999	0.0	0.0	0.0	0.0
Tnfrsf25	8.6971003	0.2917515755	0.3452242984	0.0	0.0	286.95073439999993	0.0	27.78183589	4.009222519
Pold4	-10.08592514	177.9684611	0.3452242984	132.18539199999998	869.4858187000001	0.0	0.0	0.0	0.0
Pip5k1b	-6.4098765570000005	118.45113970000001	1489.642848	731.0574737000001	0.0	0.0	18.59525824	0.0	3.3410187660000004
Slc29a2	13.09232261	0.0	0.0	0.0	0.0	1327.2795039999999	44.55844898	305.60019480000005	972.2364607999999
Papss2	10.41426582	0.8752547265999999	0.3452242984	0.0	0.0	1254.747676	348.39795150000003	194.47285119999998	0.0
Peli3	-24.25650962	0.0	64.2117195	388.05550780000004	0.0	0.0	0.0	0.0	0.0
Efhc2	-9.017623983	0.0	279.6316817	294.97319	0.0	0.0	0.0	0.0	0.0
Hspa12a	-7.245194055	0.0	163.98154169999998	346.82726660000003	0.6803488409	0.0	0.0	0.0	1.336407506
Cenpx	-7.115703333	125.744929	299.3094667	175.96383380000003	0.0	0.0	0.701707858	0.0	1.336407506
Slc16a3	11.52666528	0.0	0.0	0.0	0.0	0.0	110.8698416	55.56367178	726.3374797
Scd3	6.393465883999999	7.002037812	2.416570089	1.70013366	5.442790727999999	447.36784230000006	10.876471800000001	111.1273436	813.8721713
Poll	-25.91743106	0.0	140.8515137	0.0	1372.263612	0.0	0.0	0.0	0.0
Fam120c	9.735154063	0.0	0.0	0.0	0.0	167.2996901	88.06433617	0.0	0.0
Baiap2	7.831895122000001	0.2917515755	2.07134579	0.0	0.0	0.5294293992	40.34820183	55.56367178	456.38316339999994
Gli1	9.588140836000001	0.0	0.0	0.0	0.0	129.18077340000002	98.23910011	0.0	2.0046112590000003
Phkg1	6.378955137	3.501018906	31.41541115	0.0	2.7213953639999997	1064.153092	203.84613269999997	222.25468709999998	1643.781233
Cbx8	-7.363804077999999	121.0769038	0.6904485968	208.2663733	531.3524448	2.647146996	0.0	0.0	0.0
Mettl26	-8.674244864	0.0	636.5936062999999	1263.199309	2490.0767579999997	1.588288198	0.0	0.0	5.345630025
Homer2	8.256181435	0.0	0.3452242984	0.0	1.3606976819999999	0.0	136.8330323	361.1638666	0.0
Unc5a	9.892061907999999	0.0	0.0	0.0	0.0	0.0	205.9512563	83.34550768	0.0
Mybl1	11.68968697	0.0	0.0	0.0	0.0	303.3630457	152.27060519999998	555.6367177999999	0.0
Nrp2	8.212168847000001	0.2917515755	0.6904485968	0.0	2.0410465230000003	16.94174077	104.20361690000001	750.1095691	4.677426272
Fam135a	10.37826327	0.583503151	0.0	0.0	0.0	854.4990502999999	22.10379753	111.1273436	0.0
Gpr35	11.065992900000001	0.2917515755	0.0	0.0	0.0	861.9110618999999	151.91975119999998	55.56367178	0.0
Slc35f5	11.43220542	0.2917515755	0.0	0.0	0.0	802.6149691	439.26911910000007	138.9091795	0.0
Epb41l5	-7.970344224	0.0	816.80069	371.9042381	0.6803488409	1.588288198	0.0	0.0	0.6682037532
Cd55	-8.022950649	148.5015519	799.5394751	743.3834427	3047.962807	0.0	0.0	55.56367178	1.336407506
Gpr37l1	4.838874978	916.6834502999999	321.7490461	214.21684109999998	31.97639552	16762.79364	5732.251492	4584.002922	15406.773940000001
Rgs7	9.301210365	0.2917515755	0.0	0.0	0.0	127.0630558	156.4808523	27.78183589	0.6682037532
Mnda	8.622595105	0.0	0.0	0.0	0.6803488409	35.47176974	107.01044830000001	55.56367178	0.0
Cfap45	-25.13565851	0.0	401.84108330000004	452.23555350000004	0.0	0.0	0.0	0.0	0.0
Uck2	-10.42195646	0.8752547265999999	1.7261214919999999	286.89755510000003	1206.938844	0.0	0.0	0.0	0.0
Astn1	8.258863168	0.2917515755	0.0	0.0	2.7213953639999997	387.5423202	388.7461533	27.78183589	40.09222519
Usf1	-6.038249082	322.385491	161.91019599999998	356.1780017	329.288839	0.0	0.701707858	55.56367178	1.336407506
Cfap126	-8.357989406	4.376273633	196.4326258	160.23759740000003	0.0	0.0	0.0	0.0	0.0
Pfkfb3	4.879138482	102.404803	68.00918678	83.30654933	4.762441887	2160.6013780000003	999.5828437000001	3528.293158	937.4898657
Coq4	-7.594853191	112.032605	328.65353210000006	357.87813539999996	1.3606976819999999	1.588288198	0.350853929	0.0	0.0
Ak8	-9.488620712000001	0.0	223.7053454	566.5695421	0.6803488409	0.0	0.0	0.0	0.0
Dolpp1	9.920173703	0.583503151	0.3452242984	0.0	0.0	762.9077642000001	195.4256384	55.56367178	2.0046112590000003
Stom	10.73957872	0.0	0.0	0.0	0.0	0.0	219.63455950000002	305.60019480000005	0.6682037532
Lpcat4	-7.174911527999999	30.05041228	12.77329904	339.6016985	0.0	0.5294293992	0.350853929	0.0	0.0
Sema6d	5.532818151	33.25967961	78.71114004	0.4250334149	0.6803488409	2813.387827	1514.636411	416.72753839999996	490.46155480000004
Lrp4	6.136714399	7.2937893879999995	2.07134579	0.4250334149	0.0	326.1285099	88.76604403	166.6910154	120.2766756
Knstrn	26.55147574	0.0	0.0	0.0	0.0	333.0110921	0.0	2139.201364	2.672815013
Fahd2a	-6.106059373	95.69451677	126.3520932	362.55350289999996	1.3606976819999999	2.647146996	2.455977503	0.0	0.0
Il1a	7.456712095	1.750509453	1.380897194	0.0	3.401744205	1023.916458	0.0	111.1273436	0.0
Ccdc39	-9.381261987	2.917515755	595.1666904	134.3105591	0.0	0.0	0.0	0.0	0.0
Spata5	-11.11464295	0.583503151	384.9250927	0.0	1126.6576810000001	0.5294293992	0.0	0.0	0.0
P2ry1	12.09647385	0.0	0.0	0.0	0.0	515.1348054	138.5873019	166.6910154	505.8302411
Nmd3	-9.019569423	68.85337182	326.236962	232.49327799999998	981.7433775000001	0.0	0.0	27.78183589	0.0
Vangl1	9.868430506000001	0.8752547265999999	0.0	0.0	0.0	325.06965110000004	502.07197239999994	111.1273436	0.0
Ptgfrn	8.989747844	0.583503151	0.0	0.0	0.0	147.181373	199.2850317	27.78183589	0.0
Gstm4	9.151231042000001	2.334012604	0.0	0.0	0.0	1087.447986	263.8421546	27.78183589	0.0
Slc16a4	-8.652500154	0.0	361.7950647	85.00668299	0.0	0.0	0.0	0.0	0.0
Col11a1	8.543488709	1.167006302	0.0	0.0	0.0	384.8951732	0.0	83.34550768	0.6682037532
Tdo2	8.008761728	0.0	0.0	0.0	2.0410465230000003	132.35734979999998	0.0	361.1638666	1.336407506
Alpk1	10.666586099999998	0.2917515755	0.0	0.0	0.0	348.36454469999995	198.93417769999996	0.0	0.0
Ifi44	9.286017787	0.0	0.0	0.0	0.0	0.0	160.6910995	27.78183589	0.0
Mettl14	-6.135177695	287.3753019	63.8664952	130.060225	1847.827452	27.53032876	0.0	0.0	0.0
F3	4.6324169930000005	469.42828499999996	451.5533823	1.70013366	25.17290711	9782.796438	4228.140697999999	2361.456051	7134.411472
Tmem56	9.620709265	0.8752547265999999	1.035672895	0.0	0.0	1230.393924	230.1601774	111.1273436	0.0
Mttp	7.581512452	0.0	0.0	6.375501224	0.0	32.29519335	0.0	111.1273436	1075.808043
Ddah1	7.586316615	0.583503151	0.0	1.70013366	3.401744205	395.48376119999995	117.53606620000001	55.56367178	477.0974797
Aldob	10.17538816	0.0	0.0	0.0	1.3606976819999999	457.9564303	0.0	722.3277332	3.3410187660000004
Smim27	-8.409225859	54.55754462	34.86765414	81.60641567	536.1148866999999	0.0	0.0	0.0	0.6682037532
Unc13b	-10.45540297	0.0	532.3358681	627.7743538	3447.3275770000005	0.0	0.0	0.0	1.336407506
Sh3gl2	7.602458686	0.583503151	0.6904485968	0.0	2.0410465230000003	0.0	382.0799287	250.036523	0.0
Gpx7	-8.70657946	0.0	79.74681293	0.0	384.39709510000006	0.0	0.0	0.0	0.0
Ppcs	-7.296069309	123.1191649	112.197897	293.69808969999997	0.0	0.0	0.701707858	0.0	0.6682037532
Mfsd2a	5.61785079	236.02702459999998	1.035672895	0.0	1.3606976819999999	4530.327369	1061.683989	694.5458973	5423.809864
Vwa5b1	-8.822765429	0.0	347.6408685	154.71216299999998	0.0	0.0	0.0	0.0	0.0
Fabp3	-9.260721699	0.0	936.5935216	1012.004561	677.6274456	0.0	0.0	0.0	2.0046112590000003
Adgrb2	5.88503859	0.2917515755	0.6904485968	0.0	14.9676745	755.4957526000001	111.5715494	55.56367178	0.6682037532
Csmd2	11.14930765	0.0	0.0	0.0	0.0	608.843809	17.54269645	55.56367178	4.009222519
Extl1	10.45453737	0.8752547265999999	0.3452242984	0.0	2.0410465230000003	2628.6169670000004	1070.104483	222.25468709999998	432.32782829999996
Sesn2	8.854786333	0.0	0.0	0.0	3.401744205	0.0	260.68446919999997	861.2369126	371.52128680000004
Cd38	8.443759213	0.583503151	1.035672895	9.775768543	8.164186091	2585.203756	349.4505133	750.1095691	3057.0321710000003
5730480H06Rik	-8.344699696000001	81.10693799	0.3452242984	140.6860603	825.9434928999999	0.0	0.0	0.0	1.336407506
Sorcs2	8.497280974	0.2917515755	0.3452242984	0.0	0.6803488409	0.5294293992	164.9013466	83.34550768	198.45651469999999
Sel1l3	11.15343135	0.0	0.0	0.0	0.0	2.647146996	90.52031368	166.6910154	432.32782829999996
Chrna9	9.9716339	0.0	0.0	0.0	0.0	275.30328760000003	0.0	27.78183589	0.0
Guf1	7.511064659	0.583503151	11.73762615	0.4250334149	0.0	335.12880970000003	595.7499713999999	194.47285119999998	1216.799034
Sparcl1	3.5773555569999997	1442.7115410000001	1435.4426330000001	792.6873188	1333.483728	19238.93494	9383.939184	7584.441198	23518.7675
Tctn2	-8.488443311000001	0.0	1071.230998	496.8640621	1.3606976819999999	0.0	0.0	0.0	2.0046112590000003
Acad10	7.26712429	2.334012604	0.6904485968	2.125167075	0.0	223.9486358	546.9812753	27.78183589	1.336407506
Ift81	-8.135914762	131.8717121	412.8882609	113.90895520000001	0.6803488409	0.0	0.701707858	0.0	0.0
Morn3	-7.5135298729999995	32.09267331	75.94934565	91.38218421	0.6803488409	0.0	0.0	0.0	0.0
Gpc2	9.509088431	0.0	0.0	0.0	0.0	192.1828719	0.0	27.78183589	0.0
Rbm19	9.292825205	0.0	0.0	0.0	0.6803488409	78.88498048	0.0	55.56367178	178.4104021
Rasl11a	10.37074074	0.0	0.0	0.0	0.0	254.65554100000003	91.57287546	27.78183589	23.38713136
Auts2	9.586479053	0.583503151	0.0	0.0	0.6803488409	597.7257917000001	262.78959280000004	27.78183589	20.04611259
Ssmem1	10.16893808	0.0	0.0	0.0	0.0	318.7164983	0.0	27.78183589	0.6682037532
Cep41	-6.797088068	266.36918849999995	156.3866072	146.2114947	0.0	0.5294293992	0.0	27.78183589	0.0
Adamts9	7.009383981	0.2917515755	1.7261214919999999	0.0	0.6803488409	202.77145990000002	140.3415716	0.0	0.0
Wnt7a	7.683440827	0.0	7.594934565	0.0	0.6803488409	91.59128606	335.76721000000003	500.0730461	791.1532437000001
Klrg1	9.229394227	0.0	0.3452242984	0.0	0.6803488409	431.4849603	0.0	83.34550768	0.0
Clec1b	10.03196281	0.0	0.0	0.0	0.0	235.06665319999996	0.0	83.34550768	0.0
Dusp16	10.63177724	1.167006302	0.0	0.0	0.6803488409	695.6702305	37.89222433	2222.546871	2.0046112590000003
Creld1	-7.934308377000001	0.0	283.0839247	411.4323457	0.0	1.588288198	0.0	0.0	0.6682037532
Tmtc1	-10.81204539	0.0	215.76518650000003	38.25300734	1715.839777	0.0	0.0	0.0	0.0
Slc6a11	6.705777793999999	24.21538077	144.30375669999998	30.60240587	7.48383725	5569.06785	3886.4089710000003	2055.8558559999997	10063.14852
Slc6a1	5.735021932	330.84628660000004	310.01142000000004	14.02610269	21.09081407	18633.797130000003	7454.242575	2722.619917	7194.5498099999995
Mark4	6.781806969	0.583503151	4.142691581	1.70013366	0.0	564.3717395	143.499257	0.0	0.0
Ttyh1	4.750862721	331.7215414	303.79738260000005	26.35207173	6.123139567999999	7513.132604	3592.744233	2305.892379	4573.186487
Pak4	-7.749328018	0.0	199.19442019999997	251.1947482	0.0	0.5294293992	0.0	0.0	0.0
Rab30	12.92006175	0.0	0.0	0.0	0.0	2091.246127	38.94478612	222.25468709999998	0.0
Dnajb13	-7.635700476	252.3651128	294.8215508	113.48392179999999	2.7213953639999997	1.058858798	0.350853929	0.0	0.0
Nupr1	7.984241251	0.2917515755	0.3452242984	0.0	0.0	0.0	64.55712293	138.9091795	0.0
Ears2	6.0823299120000005	0.0	7.594934565	0.0	0.6803488409	22.76546416	159.9893916	27.78183589	348.8023591
Vwa3a	-11.532438599999999	0.0	1033.601549	520.2408998999999	0.0	0.0	0.350853929	0.0	0.0
Tub	-7.995375139	141.49951409999997	23.82047659	349.8025005	0.0	0.5294293992	0.0	0.0	0.0
Fgf13	-7.869134213	25.67413865	409.09079360000004	263.5207173	0.0	0.0	1.0525617870000001	0.0	0.0
F8	25.24539535	0.0	0.0	0.0	0.0	883.0882377999999	0.0	83.34550768	0.0
Efnb1	11.51721827	0.0	0.0	0.0	0.0	0.0	150.5163355	750.1095691	0.0
Dkc1	-5.913661305	2.334012604	340.7363825	0.8500668298999999	2207.0516399999997	12.17687618	8.420494295	0.0	16.03689008
Nek3	-7.456179869	95.11101362	83.19905591	209.54147360000002	0.0	0.0	0.0	0.0	0.6682037532
Ggn	9.861288922	0.0	0.0	0.0	0.0	0.0	0.0	55.56367178	226.52107230000001
Tnfsf13b	9.06168926	0.2917515755	0.0	0.0	1.3606976819999999	634.7858496	61.04858364	111.1273436	0.0
Arhgef7	7.586459093999999	18.67210083	4.487915879	0.8500668298999999	0.0	1535.345258	59.294314	3056.001948	0.0
Plpp5	-8.632161167000001	63.31009189	224.05056969999998	0.0	1711.757684	0.5294293992	0.0	0.0	2.0046112590000003
Cdh11	8.474104993	9.336050417000001	0.3452242984	0.0	2.7213953639999997	2591.02748	0.0	583.4185537000001	1253.550241
Lsm6	-5.856044879	148.2098004	1007.3645029999999	924.4476775	2971.763737	0.0	37.19051647	55.56367178	5.345630025
Zfp821	8.80936186	0.2917515755	0.3452242984	0.0	0.0	0.0	308.04974960000004	27.78183589	8.686648791
Ifi30	5.7645717439999995	0.8752547265999999	29.34406536	0.0	1.3606976819999999	1.058858798	535.0522417	27.78183589	1150.6468630000002
Car7	8.784120409	1.4587578780000001	0.0	0.0	0.0	616.78525	0.0	55.56367178	0.0
Pla2g15	5.646679425	2.917515755	1.035672895	0.4250334149	4.082093046000001	166.2408313	92.27458332	166.6910154	0.0
Adat1	11.55045106	0.2917515755	0.3452242984	0.0	0.0	1.588288198	0.0	166.6910154	1910.39453
Tex12	10.19367122	0.0	0.0	0.0	0.0	198.00659530000001	48.06698827	111.1273436	0.0
Tagln	10.2833671	0.0	0.0	0.0	0.0	89.47356846	8.069640366	0.0	275.9681501
Ddx25	24.66009309	0.0	0.0	0.0	0.0	578.1369039	0.0	55.56367178	0.0
Tmem218	-25.55412571	0.0	460.5292141	699.1799676	0.0	0.0	0.0	0.0	0.0
Cgnl1	-6.522206255	9.919553568	239.24043880000002	1310.803052	2.7213953639999997	0.5294293992	11.57817966	0.0	0.0
Sh3bgrl2	-6.644583885	0.0	631.0700175	386.3553742	1.3606976819999999	0.0	1.0525617870000001	0.0	5.345630025
Plscr2	-9.197273992000001	0.0	563.0608307	398.6813432	0.0	0.0	0.0	0.0	1.336407506
Mras	9.351473927	2.917515755	1.035672895	0.0	0.0	157.2405316	180.6897734	750.1095691	1606.361823
Ptgs2	7.12732211	0.2917515755	0.6904485968	0.4250334149	6.123139567999999	237.71380019999998	92.97629118	694.5458973	8.018445038
Ltf	7.450981297	0.2917515755	3.4522429839999997	0.0	8.844534932	0.0	0.0	1916.946677	279.9773726
Arpp21	8.810342642	3.792770482	0.0	0.0	0.0	1549.639851	0.350853929	194.47285119999998	4.009222519
Cish	-5.275462828999999	168.92416219999998	1124.39554	374.45443860000006	2294.136292	0.0	9.473056082000001	111.1273436	5.345630025
Inppl1	5.2282234260000005	23.04837447	42.807813	3.4002673189999997	0.0	1073.153392	180.3389195	1139.055272	217.83442349999999
Heyl	9.169064752	0.0	0.0	0.0	0.6803488409	179.47656630000003	0.0	111.1273436	0.0
Acsl3	4.651681352	135.95623419999998	178.48096230000002	164.4879316	204.1046523	6813.226938	3404.3356729999996	3111.56562	3832.148524
C330027C09Rik	-9.200470295	0.0	1.035672895	179.3641011	467.39965369999993	0.0	0.0	0.0	0.0
Palmd	-7.529296846	0.0	201.61099030000003	526.6164011	0.0	0.5294293992	0.0	0.0	2.672815013
Cryzl2	-8.477863195	237.48578250000003	400.4601861	531.2917687	0.6803488409	0.0	0.701707858	0.0	0.6682037532
Otud7a	9.773686575	0.2917515755	0.0	0.0	0.0	396.01319060000003	36.48880861	0.0	0.6682037532
Caskin1	8.568038899	1.4587578780000001	0.6904485968	0.4250334149	3.401744205	950.8552009	322.43476069999997	361.1638666	557.9501339
Zfp7	-11.6673381	51.93178044	32.10585975	538.5173367000001	2887.4004809999997	0.0	0.0	0.0	0.0
Stard9	7.31073156	1.4587578780000001	0.0	0.0	2.7213953639999997	582.3723391	0.0	55.56367178	8.686648791
Fkbpl	-7.6640071270000005	21.00611344	56.27156064	144.08632769999997	0.6803488409	0.0	0.0	0.0	0.0
Dysf	-8.581074458	0.0	131.5304577	293.69808969999997	0.0	0.0	0.0	0.0	0.0
D3Ertd254e	-9.993694121	0.0	525.4313821999999	592.4965804	2.0410465230000003	0.0	0.0	0.0	0.0
Slc16a2	-8.498465526	66.81111079	3919.6766840000005	3798.523629	1101.4847730000001	0.0	9.823910011	27.78183589	2.0046112590000003
Flvcr2	-7.672546393999999	0.0	578.9411484	212.94174089999999	1.3606976819999999	0.0	0.0	27.78183589	0.0
Dnajc17	11.1062019	0.2917515755	0.0	0.0	0.0	0.0	96.13397654	138.9091795	866.6602677999999
Zbed4	9.617859473	0.0	0.3452242984	0.0	0.0	279.5387228	82.45067331	27.78183589	0.0
Neurl1b	10.43270421	0.0	0.0	0.0	0.0	0.0	0.0	83.34550768	336.1064878
Sec22a	-8.180165431	0.0	452.2438308999999	0.4250334149	819.8203533	0.0	0.0	0.0	2.0046112590000003
Chst11	8.669385495	0.2917515755	0.6904485968	0.0	0.0	0.0	87.36262831	27.78183589	321.4060053
Cd300a	8.098372312999999	1.4587578780000001	0.0	0.4250334149	1.3606976819999999	712.6119712999999	0.0	166.6910154	0.6682037532
Dnaic2	-6.976775479	10.21130514	386.3059899	102.433053	0.0	0.0	1.0525617870000001	0.0	0.6682037532
Pcdh11x	11.37315962	0.0	0.0	0.0	0.0	322.4225041	3.8593932189999998	138.9091795	338.7793028
Grip1	10.42854276	0.0	0.0	0.0	0.0	138.1810732	143.499257	138.9091795	0.0
Mdga2	10.43522588	1.4587578780000001	0.3452242984	0.0	0.0	1322.514639	357.1692997	222.25468709999998	805.8537263
Zfr2	-8.142803212	50.47302257	284.8100462	338.3265983	0.0	0.0	0.701707858	0.0	0.0
Kri1	-8.303439528	7.002037812	152.2439156	188.28980280000002	0.0	0.0	0.0	0.0	0.0
Eva1a	9.306474299	2.917515755	0.6904485968	0.4250334149	4.082093046000001	2053.12721	583.8209377999999	805.6732409	1609.034638
Slc24a5	-8.050531232	0.0	833.7166806	691.9543995	0.6803488409	0.0	0.0	27.78183589	0.6682037532
Adrb1	8.482576218	0.0	0.0	0.0	0.0	72.53182769	3.1576853610000004	27.78183589	5.345630025
Nat14	-7.287345997999999	0.0	192.98038280000003	158.96249719999997	1.3606976819999999	0.0	0.0	0.0	0.6682037532
Gnptab	6.811291193	15.17108193	1.035672895	0.0	0.6803488409	806.8504042999999	1095.7168199999999	0.0	0.6682037532
Ccl12	8.618376207999999	1.750509453	1.7261214919999999	0.4250334149	4.082093046000001	2682.618766	49.82125791	361.1638666	1.336407506
Galm	-7.510037706	226.39922259999997	402.53153189999995	657.1016595	0.0	0.0	0.0	27.78183589	1.336407506
Tdrd7	-5.629349896	86.35846635	282.0482518	1184.568127	3872.545603	0.0	38.59393219	83.34550768	1.336407506
Iqcg	-24.24415954	0.0	400.1149618	44.62850857	0.0	0.0	0.0	0.0	0.0
Usp35	6.021791234	5.83503151	23.13002799	2.125167075	0.6803488409	904.2654138	0.0	1166.837107	8.686648791
Dagla	9.382012377999999	1.167006302	0.0	0.0	0.6803488409	120.709903	116.4835044	250.036523	750.3928147999999
Ids	-4.413779522	413.12023089999997	884.4646525	1023.4804630000001	5450.954914	35.47176974	69.81993187	277.81835889999996	4.677426272
Cd276	-8.340346219	115.2418723	226.4671398	14.45113611	0.0	0.0	0.0	0.0	0.0
Smug1	-8.7780746	0.0	0.6904485968	320.0501614	979.0219821000001	1.058858798	0.0	0.0	0.0
Hyal3	-8.978503851000001	0.0	307.2496256	252.0448151	0.0	0.0	0.0	0.0	0.0
Colec12	-8.968105568	0.0	204.718009	477.312525	0.0	1.058858798	0.0	0.0	0.0
Tm6sf2	12.06892109	0.0	0.3452242984	0.0	0.0	0.0	0.0	166.6910154	1430.624235
Sostdc1	-5.9328195	172.4251811	4265.9366549999995	4428.848184	1.3606976819999999	0.0	109.1155719	27.78183589	6.682037532000001
3632451O06Rik	-7.223277164	253.8238707	217.83653230000004	43.35340832	0.0	1.058858798	0.350853929	0.0	0.0
Glb1l2	-26.00542033	0.0	731.5302882999999	881.9443359999999	0.0	0.0	0.0	0.0	0.0
Ccdc113	-7.971533689	0.0	311.7375415	265.2208509	0.0	0.0	0.0	0.0	0.6682037532
Tmem184a	-8.752695246	0.0	151.55346699999998	323.4504288	0.6803488409	0.0	0.0	0.0	0.0
Dner	11.76202762	0.0	0.0	0.0	0.0	0.0	214.7226045	166.6910154	672.2129757
Slitrk2	8.079679793	0.2917515755	0.6904485968	0.8500668298999999	2.0410465230000003	182.6531427	146.30608840000002	694.5458973	5.345630025
Kirrel2	9.044401601	0.583503151	0.3452242984	0.0	0.0	0.0	344.53855830000003	0.0	177.0739946
Apln	7.652861695	0.2917515755	0.6904485968	0.0	2.0410465230000003	451.60327750000005	7.01707858	111.1273436	8.018445038
Zcwpw1	8.154957345	0.2917515755	0.0	0.0	0.0	96.35615065	41.75161755	0.0	0.6682037532
Fgf2	9.024819153	0.0	0.0	0.8500668298999999	0.0	0.5294293992	51.22467363	55.56367178	360.8300267
Ttc13	7.491954728	2.334012604	6.55926167	0.0	2.0410465230000003	82.59098627	388.0444454	194.47285119999998	1307.674745
Pafah2	-6.492882387000001	117.2841334	532.6810924	221.44240919999996	0.6803488409	1.058858798	4.911955006	0.0	0.0
Slc30a1	7.2524989070000005	0.0	4.142691581	0.8500668298999999	0.0	5.294293992	11.57817966	750.1095691	25.39174262
Plekhg2	5.818490292999999	1.4587578780000001	0.3452242984	32.30253953	2.7213953639999997	307.0690515	304.8920643	111.1273436	1346.4305630000001
Adgrl3	11.14342689	0.0	0.3452242984	0.0	0.6803488409	1286.51344	73.67932508	250.036523	300.0234852
Armc3	-10.15094186	0.0	219.56265380000002	209.11644009999998	813.6972138	0.0	0.0	0.0	0.0
Nek5	-9.648155903	0.0	922.094101	392.305842	0.0	0.0	0.0	0.0	1.336407506
Xkr8	8.437825879	0.0	0.3452242984	0.0	0.6803488409	0.0	0.0	111.1273436	189.76986589999999
Dusp8	9.187651444	0.0	0.6904485968	0.0	0.0	287.4801638	0.0	0.0	179.74680959999998
Pcdh18	23.63235745	0.0	0.0	0.0	0.0	681.3756367000001	0.0	138.9091795	0.0
Ankrd13b	11.86388009	0.2917515755	0.0	0.0	0.0	590.8432095	0.701707858	83.34550768	1186.729866
Rapgefl1	9.10014498	0.583503151	0.0	0.0	0.0	0.0	0.0	83.34550768	322.074209
Mrm3	-9.217444442	91.31824314	208.86070049999998	0.0	1898.8536149999998	0.0	0.0	27.78183589	0.0
Galnt18	9.781108269	0.2917515755	0.0	0.0	1.3606976819999999	1158.391525	34.38368504	138.9091795	0.0
Afg1l	-7.266199854	13.42057247	173.3025978	323.8754622	0.0	0.0	0.0	0.0	1.336407506
Sbf2	7.171780099999999	0.8752547265999999	0.0	0.0	4.762441887	5.294293992	617.8537689	27.78183589	127.6269169
Spsb2	-24.38807752	0.0	85.615626	410.15724539999997	0.0	0.0	0.0	0.0	0.0
Nos1ap	25.12844582	0.0	0.0	0.0	0.0	772.9669227999999	0.0	111.1273436	0.0
Mesd	-6.167675157000001	407.8687026	131.5304577	204.4410726	0.6803488409	0.0	2.455977503	27.78183589	0.6682037532
Pcid2	-8.195709719	147.9180488	222.66967250000002	282.2221875	2031.521639	2.647146996	0.0	27.78183589	0.0
Cep85l	8.693817576	0.0	0.0	0.0	1.3606976819999999	107.47416799999999	92.62543725	83.34550768	112.2582305
Rap1gap2	9.250947287999999	0.583503151	0.0	0.0	1.3606976819999999	732.7302885	319.27707539999994	55.56367178	0.6682037532
Hace1	-6.47271831	83.4409506	35.21287844	164.91296499999999	114.2986053	1.588288198	0.0	0.0	0.6682037532
Baiap2l1	-9.87808614	0.0	281.3578032	753.5842447000001	0.6803488409	0.0	0.0	0.0	0.0
Garnl3	-7.6573780220000005	149.6685582	112.8883456	260.5454834	34.69779089	1.058858798	0.0	0.0	0.0
Nipal2	-25.18995005	0.0	420.13797120000004	470.9370237	0.0	0.0	0.0	0.0	0.0
Bloc1s5	-6.8526474120000005	84.31620533	95.62713066	383.80517369999995	0.0	0.0	1.0525617870000001	0.0	1.336407506
Mtg1	-7.803351794	0.2917515755	148.44644830000001	342.151899	1.3606976819999999	0.0	0.0	0.0	0.6682037532
Arpin	10.1338183	1.167006302	0.3452242984	0.0	0.6803488409	34.94234035	446.98790549999995	138.9091795	1861.615656
Zfp503	9.205416471	0.2917515755	0.0	0.0	0.0	91.06185666	173.67269480000002	27.78183589	0.0
Adgrg6	9.556627832	0.583503151	0.3452242984	0.0	0.0	0.0	74.03017901	55.56367178	654.1714743
Whrn	-9.601179435	34.71843749	287.2266163	527.4664679	0.0	0.0	0.0	0.0	0.0
Cntnap2	-24.57793317	0.0	433.6017188	133.0354589	0.0	0.0	0.0	0.0	0.0
Rsph4a	-8.710426876	0.0	372.497018	1031.556098	0.6803488409	0.0	0.0	0.0	1.336407506
Grin3a	9.059861376	0.8752547265999999	0.6904485968	0.0	0.0	1.058858798	431.55033260000005	27.78183589	422.9729757
Usp53	5.395464711	20.71436186	138.4349437	0.0	2.0410465230000003	2735.561706	421.7264226	555.6367177999999	3071.064449
Galnt12	9.013585781	0.2917515755	0.6904485968	0.0	0.6803488409	1.058858798	305.94462610000005	0.0	529.2173725
Zc3h10	7.6748189710000005	0.2917515755	14.84464483	0.0	0.0	623.1384028	0.350853929	83.34550768	2397.515066
Arhgap29	-8.622564311	0.583503151	223.7053454	206.56623969999998	0.6803488409	0.0	0.0	0.0	0.0
Mcph1	9.603404135	0.583503151	0.0	0.0	0.0	513.5465172	57.89089828	0.0	2.0046112590000003
Heca	-6.260327936	175.05094530000002	148.7916726	273.7215192	334.7316297	0.0	4.2102471480000005	27.78183589	0.0
Eva1c	9.464881496	0.0	0.6904485968	0.0	0.6803488409	622.6089734	0.0	305.60019480000005	1.336407506
Pak7	7.805925391000001	0.8752547265999999	0.3452242984	0.0	1.3606976819999999	156.7111022	170.1641556	138.9091795	92.21211793
Pacsin1	-6.560403197	102.404803	62.83082231	762.5099464	0.6803488409	0.0	0.0	27.78183589	2.672815013
Slc26a10	-8.259153326	65.93585607	52.47409336	0.0	218.3919779	0.0	0.0	0.0	0.0
Cfap69	-9.157860665	0.0	388.3773357	547.4430384	0.0	0.0	0.0	0.0	1.336407506
Mettl27	-8.844659714	0.0	147.4107754	173.83866669999998	1190.610472	0.0	0.0	0.0	1.336407506
Dnph1	9.753224235	0.0	0.0	0.0	0.0	35.47176974	196.47820019999997	27.78183589	0.0
Sh3pxd2b	6.1000918010000005	0.8752547265999999	23.13002799	0.0	1.3606976819999999	759.2017584	673.6395436	305.60019480000005	5.345630025
Cep126	-9.461223092000001	0.0	360.41416749999996	414.832613	0.6803488409	0.0	0.0	0.0	0.0
Oard1	-9.966464601	361.48020210000004	689.7581482	338.75163169999996	4315.452698	0.0	1.0525617870000001	27.78183589	0.0
Agbl2	-8.630619258	0.0	61.10470082	379.1298061	0.0	0.0	0.0	0.0	0.0
Hlcs	-8.297859191	2.334012604	55.58111204	289.02272220000003	0.0	0.0	0.0	0.0	0.0
Cables1	5.226580047	1.167006302	0.3452242984	68.4303798	4.082093046000001	144.534226	266.648986	472.2912102	1885.0027879999998
Gm11992	-7.350311274	93.65225574	239.24043880000002	269.04615160000003	0.0	0.0	0.0	27.78183589	0.0
Npnt	-7.447241013999999	116.11712709999999	61.44992512	320.47519489999996	0.6803488409	1.058858798	0.0	0.0	0.0
Pla2g5	-7.922689592	0.0	543.0378214	519.390833	0.6803488409	0.0	0.0	0.0	2.0046112590000003
Arhgap11a	-8.539564427	0.0	89.06786899	0.0	324.52639710000005	0.0	0.0	0.0	0.0
Chd7	4.496804316	226.9827258	56.96200924	39.10307417	6.123139567999999	1647.0548609999998	811.1742837999999	555.6367177999999	4413.48579
Wnk3	25.77607413	0.0	0.0	0.0	0.0	0.0	0.0	166.6910154	1241.522573
Atp1b2	3.6389603360000002	1050.597423	1411.6221560000001	1150.140421	1265.448844	27916.282789999997	9678.656485	7501.0956909999995	15659.354959999999
Mettl18	-6.817928722	125.16142590000001	301.3808125	168.7382657	0.0	0.0	0.0	0.0	2.672815013
Arhgap32	8.892522611	4.376273633	0.0	0.4250334149	0.0	804.7326867	308.4006036	1194.618943	61.47474529
Cacna2d4	-26.14187221	0.0	144.648981	0.0	1638.960358	0.0	0.0	0.0	0.0
Ago1	9.169362097999999	1.4587578780000001	9.666280355	0.0	1.3606976819999999	1202.863595	0.701707858	805.6732409	5215.998497
Sdk2	11.59743678	0.0	0.0	0.0	0.0	622.6089734	249.8079974	55.56367178	8.018445038
Bicdl1	-6.806518312000001	50.18127099	384.2346441	419.0829471	0.6803488409	1.058858798	2.1051235740000003	0.0	1.336407506
Bbox1	25.58347454	0.0	0.0	0.0	0.0	1030.79904	0.0	194.47285119999998	0.6682037532
BC006965	25.11978364	0.0	0.0	0.0	0.0	767.6726288	0.0	111.1273436	0.0
Zic5	-7.191093176	0.0	118.75715859999998	167.4631655	2000.2255920000002	0.0	10.876471800000001	0.0	0.0
Mpped1	11.59984964	0.0	0.0	0.0	0.0	800.4972515	1.0525617870000001	138.9091795	0.6682037532
Coro2b	-5.921512497999999	15.17108193	501.2656813	713.6311037	2.0410465230000003	0.5294293992	11.92903359	0.0	2.672815013
Slc24a4	10.50001159	0.0	0.0	0.0	0.0	294.3627459	87.71348224	55.56367178	0.0
Csdc2	5.7591532910000005	105.3223188	1.380897194	0.0	1.3606976819999999	614.138103	198.93417769999996	527.8548819	4515.720964
Grk3	5.58723674	208.8941281	0.3452242984	0.0	2.0410465230000003	4233.317476	1465.166007	750.1095691	3711.2036450000005
4632404H12Rik	10.8504713	0.0	0.3452242984	0.0	0.0	725.3182768999999	31.57685361	166.6910154	0.0
Zfyve1	-5.908449796	397.3656459	305.8687284	169.5883326	806.2133765	3.176576395	0.0	55.56367178	2.672815013
Npl	9.706899255	0.0	0.6904485968	0.0	1.3606976819999999	850.7930445000001	0.0	83.34550768	684.2406432
Bex2	-7.3177273970000005	59.51732141	293.0954293	323.4504288	2.7213953639999997	0.0	0.350853929	27.78183589	0.0
Tmem108	-8.600320665	2.042261029	123.59029879999999	740.4082087999999	0.0	0.0	0.0	0.0	0.6682037532
Mrap2	-24.87195378	0.0	350.4026629	353.2027678	0.0	0.0	0.0	0.0	0.0
Gpr153	9.076847207	0.0	0.0	0.0	0.0	0.0	43.50588719	0.0	117.60386059999999
Trp53rkb	10.02878843	0.583503151	0.0	0.0	0.0	0.0	63.50456114	722.3277332	0.0
Wdr63	-8.969331446	0.0	163.98154169999998	391.8808086	0.0	0.0	0.0	0.0	0.0
Qrfp	-9.249790922	177.9684611	105.63863529999999	0.8500668298999999	375.5525602	0.0	0.0	0.0	0.0
B3galnt1	-7.323474629	0.583503151	74.22322416	279.671987	0.6803488409	0.0	0.0	0.0	0.6682037532
Gjc2	6.723381465	7.002037812	0.0	0.0	0.0	348.36454469999995	15.08671895	166.6910154	223.84825730000003
Pcdhb12	8.938728022000001	0.0	0.3452242984	0.0	0.6803488409	1.588288198	0.0	55.56367178	361.49823050000003
Ubxn10	-8.876727627000001	0.0	221.2887753	300.0735909	0.0	0.0	0.0	0.0	0.0
Tmem145	24.77546269	0.0	0.0	0.0	0.0	0.0	0.0	55.56367178	684.9088469999999
Pcdhb14	12.11402714	0.583503151	0.0	0.0	0.0	0.0	0.0	305.60019480000005	2545.1880960000003
2900011O08Rik	8.213148738	0.0	0.0	0.0	1.3606976819999999	0.0	18.24440431	83.34550768	203.133941
Wfikkn2	-8.733762763	197.2240651	324.8560648	131.7603586	144.91430309999998	0.5294293992	0.0	0.0	0.0
Nxpe4	12.48126281	0.0	0.0	0.0	0.0	3.7060057939999997	89.81860582	138.9091795	1500.78563
Il20rb	8.738899573	0.2917515755	0.0	0.0	0.0	1.058858798	183.1457509	27.78183589	0.0
Crb3	-9.457348902	82.56569587	292.750205	246.9444141	800.090237	0.0	0.0	0.0	0.6682037532
A730020M07Rik	10.34161402	0.583503151	0.0	0.0	0.6803488409	93.70900365	454.355838	27.78183589	960.2087933
9930012K11Rik	23.1996198	0.0	0.0	0.0	0.0	0.0	0.0	55.56367178	475.7610722
Rasip1	9.41344266	0.0	0.0	0.0	0.0	151.9462376	0.0	55.56367178	0.0
Plppr4	-7.810275793	0.0	616.2253726	795.2375193	0.6803488409	1.058858798	0.350853929	0.0	2.0046112590000003
Ankrd45	-8.446183851	178.2602126	530.9549709	1217.2957	0.0	0.0	0.701707858	27.78183589	0.0
Kctd21	-8.388707725	0.2917515755	359.0332703	224.8426765	0.6803488409	0.0	0.350853929	0.0	0.0
Zc2hc1c	-8.938468794	0.0	432.91127019999993	431.40891619999996	0.6803488409	0.0	0.350853929	0.0	0.0
Kcng4	10.597957300000001	0.2917515755	0.3452242984	0.0	0.0	867.7347852	0.0	27.78183589	304.0327077
Defb11	-8.763906619	0.0	124.97119599999999	357.453102	0.0	0.0	0.0	0.0	0.0
Nyap1	-7.560367288999999	0.0	278.94123310000003	52.70414345	2.7213953639999997	0.0	0.350853929	0.0	0.0
Ttll13	8.252419077999999	1.167006302	0.0	0.0	0.0	298.0687517	0.0	83.34550768	0.0
Olfr460	9.741669117	0.0	0.3452242984	0.0	0.0	264.71469959999996	0.0	166.6910154	0.0
Basp1	7.208187693999999	1.750509453	0.6904485968	0.0	3.401744205	316.06935130000005	186.30343630000002	27.78183589	304.70091139999994
C2cd4c	23.83639483	0.0	0.0	0.0	0.0	322.4225041	0.0	27.78183589	0.0
Cavin2	-7.772564302	0.0	232.3359528	271.1713187	0.0	0.0	0.0	0.0	0.6682037532
Gapt	11.92827025	0.2917515755	0.0	0.0	0.0	0.0	0.0	111.1273436	1199.425737
Iqub	-8.515907573	0.0	942.4623346000001	1409.4108039999999	0.0	0.0	0.0	0.0	5.345630025
Hepacam	5.586786445	76.14716121	96.66280355	0.4250334149	4.762441887	5107.934843	1158.519673	944.5824203	1345.762359
Usp27x	10.14006134	0.0	0.0	0.0	0.0	0.5294293992	0.0	27.78183589	312.0511527
Kcnk6	9.448684684	0.8752547265999999	0.3452242984	0.0	0.6803488409	952.9729185000001	285.9459521	83.34550768	0.0
B3gntl1	8.870090738	1.167006302	0.6904485968	0.4250334149	0.0	0.0	117.53606620000001	27.78183589	957.5359783
Fat4	8.471231643	0.2917515755	0.3452242984	0.0	0.0	16.94174077	210.5123574	0.0	42.09683645
Riox1	11.11358422	0.0	0.0	0.0	0.0	148.24023180000003	218.5819978	55.56367178	245.23077740000002
Ppp1r3b	-6.934161669	1.167006302	208.1702519	248.6445477	0.6803488409	1.588288198	0.0	0.0	0.0
4930432E11Rik	11.05114644	1.167006302	0.0	0.0	0.0	330.3639451	255.7725142	166.6910154	2001.9384440000001
Cfap65	-25.50180596	0.0	536.8237839999999	679.2033971	0.0	0.0	0.0	0.0	0.0
Cdh19	9.969678754	3.501018906	0.3452242984	0.0	0.0	215.47776549999998	709.0757905	361.1638666	2738.29898
Dnah14	5.870399002999999	14.58757878	2.07134579	0.4250334149	0.0	9.529729185	141.0432794	55.56367178	796.4988738
Atmin	-8.333028297	3.792770482	131.18523340000002	56.52944419	1408.322101	1.058858798	1.403415716	0.0	0.0
Rnf152	-8.564567477999999	0.0	242.6926818	177.66396740000002	0.0	0.0	0.0	0.0	0.0
Flrt1	7.661680678	15.75458508	0.0	0.4250334149	0.0	861.9110618999999	129.11424590000001	250.036523	2062.744986
Dip2c	10.75007769	0.0	0.0	0.0	0.6803488409	114.35675020000001	13.332449300000002	750.1095691	0.0
Mlf1	-8.036881642	0.0	672.151709	733.1826408	0.6803488409	0.0	0.0	0.0	2.672815013
Duxbl1	9.231583877	0.0	0.0	0.0	0.0	145.0636554	8.420494295	27.78183589	0.0
Klhl11	12.62612724	0.2917515755	0.0	0.0	0.0	0.0	0.0	222.25468709999998	1907.0535109999998
Cfap100	11.15385678	0.0	0.0	0.0	0.0	0.0	5.262808935	166.6910154	520.5307237
Slc25a47	10.37830402	0.0	0.3452242984	0.0	0.0	436.77925430000005	0.0	55.56367178	0.0
C1galt1c1	-6.527338925	125.4531775	639.0101762999999	479.43769199999997	2.0410465230000003	0.0	0.0	27.78183589	4.677426272
Atxn7l2	8.152596858999999	0.0	0.0	0.0	1.3606976819999999	238.77265899999998	0.701707858	55.56367178	0.0
Pcdh10	7.497181736	6.1267830860000005	0.0	0.0	0.6803488409	5.823723391000001	228.05505380000002	55.56367178	954.1949595000001
Nrap	26.02724012	0.0	0.0	0.0	0.0	0.0	0.0	166.6910154	1711.938016
Pdp1	12.26650342	0.0	0.0	0.0	0.0	205.9480363	0.0	83.34550768	1204.103163
Zfp219	6.1745950910000005	15.75458508	18.98733641	0.4250334149	0.0	2.117717597	275.7711882	111.1273436	2154.2889
Tenm2	10.94200007	0.2917515755	0.0	0.0	0.0	856.0873385	15.43757287	111.1273436	0.0
Rd3	-10.38673371	0.0	360.41416749999996	705.5554688	0.0	0.0	0.0	0.0	0.6682037532
Krt8	-8.867516812	0.0	861.3346244999999	547.8680717999999	1905.657103	0.0	0.0	0.0	4.009222519
Fzd9	11.09552652	0.0	0.0	0.0	0.0	533.135405	112.6241112	0.0	13.36407506
Zfpm1	9.667353233	0.0	0.0	0.0	1.3606976819999999	46.06035773	0.0	805.6732409	0.6682037532
Grm5	6.151010199	0.0	7.594934565	0.0	0.6803488409	464.8390125	83.5032351	27.78183589	10.69126005
Gal3st1	9.343183427	0.0	0.0	0.0	0.0	168.35854890000002	0.0	27.78183589	0.0
Nlrc3	-7.402144389	739.2984924	435.6730646000001	0.8500668298999999	3733.07409	3.176576395	1.403415716	55.56367178	0.6682037532
Lpar4	9.403591152	0.2917515755	0.0	0.0	0.0	71.47296889	1.403415716	277.81835889999996	0.0
Tdrp	-8.799138028	264.0351758	10.70195325	369.779071	1506.292334	0.5294293992	0.0	0.0	2.0046112590000003
Evc2	9.331473288	0.0	0.0	0.0	0.0	0.0	31.57685361	0.0	161.0371045
Prag1	7.247753201	4.668025208	2.7617943869999997	0.0	1.3606976819999999	0.0	136.13132439999998	1222.4007789999998	0.0
Fzd2	8.747305116	0.2917515755	2.7617943869999997	0.0	0.0	658.6101725999999	2.455977503	83.34550768	602.0515816000001
C130071C03Rik	7.6049633420000005	0.0	5.523588773999999	0.0	4.762441887	753.9074644	19.99867395	138.9091795	1068.457801
Ppp1r3g	11.08386113	0.8752547265999999	0.0	0.0	0.0	867.7347852	77.18786437	250.036523	1029.03378
Fam171a1	10.01050397	1.750509453	0.0	0.4250334149	2.0410465230000003	2208.250024	162.796223	666.7640614000001	1219.471849
Fam228b	6.886014414	1.167006302	10.01150465	0.0	0.6803488409	526.7822522	68.06566222	166.6910154	648.8258443
Zfp831	-7.759763689	399.6996585	77.67546714	292.4229895	3154.777575	1.058858798	0.0	55.56367178	0.0
Txndc2	9.850909924	0.0	0.0	0.0	0.0	250.94953519999999	0.0	27.78183589	0.0
Tmem150c	-8.532228214	0.0	0.6904485968	117.73425590000001	715.0466318	0.0	0.0	0.0	0.6682037532
Vstm4	10.16745918	0.583503151	0.0	0.0	0.6803488409	642.7272906000001	528.386017	194.47285119999998	2.0046112590000003
Slc29a4	-8.532971684	0.2917515755	908.2851291000001	2681.960848	1.3606976819999999	0.0	0.0	0.0	6.0138337779999995
Zfp366	10.32295027	0.2917515755	0.0	0.0	0.0	556.9597279	25.61233682	55.56367178	0.0
Amigo1	9.296668436000001	0.0	0.0	0.0	0.0	1.588288198	0.0	27.78183589	160.3689008
Gja1	5.488557572	332.3050445	147.7559997	56.52944419	114.9789541	12954.07854	4967.039073	2583.7107379999998	8743.446109999999
Serpinb1b	-7.192016987000001	0.0	2555.6954809999997	744.2335095	1.3606976819999999	0.0	0.0	27.78183589	5.345630025
Gprc5c	-9.539956324	0.0	2016.109903	426.73354860000006	0.0	0.0	0.0	0.0	2.672815013
Sv2c	-7.958934905	0.0	0.3452242984	283.9223212	553.1236077000001	0.0	0.0	0.0	1.336407506
Swsap1	-6.162344534	106.78107659999998	150.51779409999997	223.14254280000003	2.0410465230000003	0.0	0.0	27.78183589	1.336407506
Zfp52	10.65474318	0.583503151	0.0	0.0	0.0	949.7963421000001	136.8330323	111.1273436	0.0
Pcdh1	7.98144618	0.2917515755	0.0	0.0	0.0	7.941440987999999	89.81860582	0.0	24.72353887
Fam181b	5.7184999670000005	0.2917515755	31.76063545	0.0	1.3606976819999999	1436.8713890000001	185.9525824	83.34550768	51.45168899
Sox6	7.203211627999999	0.2917515755	1.7261214919999999	9.350735128	0.6803488409	1213.452183	334.0129404	222.25468709999998	2.672815013
Prdm9	9.917534603	0.2917515755	0.0	0.0	0.0	345.1879683	0.0	138.9091795	1.336407506
Igfn1	-8.383956381	0.2917515755	544.0734943	206.9912731	0.0	0.0	0.0	0.0	0.6682037532
Lax1	-6.032609766	335.51431180000003	367.31865350000004	276.27171969999995	12.24627914	2.117717597	0.0	27.78183589	4.009222519
Plpp2	-8.524172164	0.8752547265999999	64.2117195	340.8767988	0.0	0.0	0.0	0.0	0.0
Tmem106c	-6.738701712	131.5799606	506.4440458000001	494.31386160000005	23.81220943	1.588288198	0.350853929	27.78183589	2.0046112590000003
Oas1a	10.33488329	0.0	0.3452242984	0.0	0.0	0.0	75.43359473	583.4185537000001	0.0
Dnah6	-25.8516379	0.0	452.5890552	989.47779	0.0	0.0	0.0	0.0	0.0
Rnaseh2a	-8.357924564	0.0	11.73762615	414.832613	1366.820821	2.117717597	0.0	0.0	0.6682037532
9230110C19Rik	-8.762487392	0.0	590.3335503	121.5595567	0.0	0.0	0.0	0.0	1.336407506
Spag16	-9.566360506	0.0	446.3750178	158.5374638	0.0	0.0	0.0	0.0	0.6682037532
Ficd	10.63318043	0.0	0.0	0.0	0.0	0.0	218.5819978	0.0	259.93126
Gm9905	9.332566863	0.0	0.0	0.0	0.0	140.82822019999998	0.0	55.56367178	0.0
Zfp952	9.491449291	0.2917515755	0.0	0.0	1.3606976819999999	802.0855397	256.1233682	27.78183589	0.0
Zfp472	-6.812551196	480.2230933	183.6593267	0.4250334149	3.401744205	0.5294293992	0.0	0.0	2.672815013
Fgfr3	5.1965397410000005	175.3426969	159.14840159999997	139.4109601	359.22418799999997	17599.29209	4928.094286	2667.056246	5338.947988
D130007C19Rik	6.081816443999999	4.376273633	0.0	0.0	5.442790727999999	286.95073439999993	42.10247148	27.78183589	296.0142626
Aes	-4.778467078	131.5799606	217.491308	830.9403262	29.25500016	10.05915858	12.63074144	27.78183589	3.3410187660000004
Tmem62	9.023763843	0.583503151	0.6904485968	0.0	0.6803488409	569.1366041	221.3888292	222.25468709999998	0.0
Gm4876	-9.449969444	0.0	118.06671010000001	440.33461789999996	0.0	0.0	0.0	0.0	0.6682037532
Pabpc1l	10.09769383	0.0	0.0	0.0	0.0	276.3621464	0.0	55.56367178	0.0
Dsp	-26.2748974	0.0	724.280578	1244.497839	0.6803488409	0.0	0.0	0.0	0.0
Rab39	8.737371592999999	0.8752547265999999	0.0	0.0	0.6803488409	598.7846505	0.350853929	55.56367178	0.0
Fut9	8.200442425	0.2917515755	0.0	0.4250334149	3.401744205	1063.623663	9.823910011	83.34550768	0.0
Zfp580	9.723087691	0.0	0.0	0.0	0.0	195.3594483	57.89089828	0.0	0.0
Klhl25	8.381311408	9.919553568	0.0	0.0	1.3606976819999999	3.7060057939999997	603.8196118	222.25468709999998	2960.1426260000003
Abcd2	9.275503031	2.042261029	1.035672895	0.0	0.6803488409	2048.891775	64.90797686	250.036523	0.6682037532
Sag	8.287356218	0.0	0.0	0.8500668298999999	0.6803488409	401.3074846	0.0	55.56367178	0.0
Spock1	5.3267343469999995	9.044298841	16.91599062	0.0	3.401744205	696.7290892999999	429.0943551	27.78183589	20.04611259
Cep70	-8.103751719	100.6542936	511.6224102	185.3145689	0.0	1.058858798	0.0	0.0	0.0
Actr3b	10.56255022	0.583503151	0.0	0.0	0.0	884.676526	181.74233519999999	55.56367178	0.0
Hoxaas2	10.22178346	0.0	0.0	0.0	0.0	306.01019269999995	25.96319074	27.78183589	0.0
Mok	-8.522631535	0.0	408.0551207	240.5689128	0.6803488409	0.0	0.350853929	0.0	0.0
Homez	-9.464372869	0.0	190.909037	106.6833871	2761.535945	0.0	0.0	0.0	2.0046112590000003
Ccdc189	-6.675671894	106.78107659999998	122.8998502	549.1431721	1.3606976819999999	0.0	2.455977503	0.0	2.0046112590000003
St6galnac2	-7.334601711	0.0	849.9422227	163.6378647	1.3606976819999999	0.0	0.0	0.0	3.3410187660000004
Arhgap24	10.03307627	0.583503151	0.3452242984	0.0	0.0	897.3828315999999	112.6241112	83.34550768	0.0
Mpp7	-6.950319101	0.0	308.97574710000004	558.9189406	1.3606976819999999	3.176576395	0.701707858	0.0	0.0
Pus7	6.763609105	0.583503151	0.3452242984	0.0	31.29604668	0.0	0.350853929	861.2369126	2620.026916
Prdm2	-8.832382564	59.22556983	14.49942053	0.0	427.25907209999997	0.0	0.0	0.0	0.0
Lepr	-8.492690983	0.0	704.2575687000001	184.4645021	0.0	0.0	0.0	0.0	2.0046112590000003
Zfp119a	6.336993914	3.2092673310000004	0.3452242984	0.4250334149	0.0	244.5963824	2.455977503	83.34550768	0.6682037532
1700084J12Rik	10.75009119	0.0	0.0	0.0	0.0	1.058858798	0.0	55.56367178	464.4016084
Smco4	-24.72877873	0.0	0.0	126.23492420000001	508.900933	0.0	0.0	0.0	0.0
Kcnh1	-7.155118474	202.1838418	49.36707467	680.4784973	0.0	0.0	1.0525617870000001	27.78183589	0.0
Zfp958	-8.850544492000001	254.4073739	253.73985930000003	0.4250334149	0.0	0.0	0.0	0.0	0.0
Fcgr4	9.64218008	0.2917515755	0.0	0.0	0.6803488409	347.30568589999996	264.1930085	27.78183589	1.336407506
Ntrk3	7.303233644	0.2917515755	0.3452242984	0.0	6.803488409	863.49935	142.09584119999997	55.56367178	62.811152799999995
Slc14a1	5.204436145	90.73473999	13.11852334	0.0	0.6803488409	1048.27021	832.2255195	527.8548819	1448.6657369999998
Mamld1	-8.399856332	0.0	318.64202739999996	514.7154655	0.0	0.0	0.0	0.0	2.0046112590000003
Ccdc28a	-8.084907636	84.89970848	307.9400742	400.3814769	2.7213953639999997	0.5294293992	0.0	0.0	0.6682037532
Calcrl	-8.842351826	41.42872372	463.63623279999996	0.8500668298999999	0.0	0.0	0.0	0.0	0.0
Syn3	7.387744155	0.0	0.6904485968	1.275100245	0.0	292.7744577	4.561101077	27.78183589	4.009222519
AU019823	6.615264991	0.2917515755	0.6904485968	15.30120294	1.3606976819999999	312.3633455	71.92505544	1361.309959	0.0
Slc4a4	5.282362066	18.08859768	109.43610259999998	63.32997882	6.123139567999999	4646.272407	1459.5523449999998	666.7640614000001	888.7109917000001
Lsamp	5.158272724	125.744929	131.5304577	0.4250334149	7.48383725	4019.427999	1801.634925	889.0187484999999	2759.013297
Sfmbt2	-9.73573934	0.0	50.74797186	393.1559088	0.0	0.0	0.350853929	0.0	0.0
Acvr2b	9.179982656	0.2917515755	0.0	2.125167075	0.0	0.0	0.0	444.5093743	966.8908308
Dpp6	9.957123967000001	0.2917515755	0.0	0.0	0.0	6.882582189	220.33626740000003	277.81835889999996	0.0
Spry3	-7.574849434	0.0	181.587981	395.70610930000004	0.6803488409	0.0	1.0525617870000001	0.0	0.0
Rbak	10.21483505	0.8752547265999999	0.0	0.0	0.0	1077.918257	0.350853929	111.1273436	0.6682037532
Lmnb2	7.358888949	0.2917515755	0.3452242984	0.0	2.0410465230000003	187.4180073	143.499257	83.34550768	0.0
Cd200r4	9.148403643	1.167006302	0.0	0.0	0.0	616.78525	0.0	83.34550768	0.0
Hs6st2	-25.59089038	0.0	177.7905137	1017.1049619999999	0.0	0.0	0.0	0.0	0.0
Erbb2	9.021773267	0.583503151	0.0	0.0	0.0	300.71589869999997	0.0	83.34550768	0.0
Ap3b2	10.11537169	0.8752547265999999	0.0	0.0	0.6803488409	864.0287794	19.99867395	138.9091795	676.8904018999999
Atp11c	-7.346376632999999	30.34216385	246.1449248	504.5146635	1882.525243	0.5294293992	0.0	55.56367178	0.0
Cyp26b1	10.302471699999998	0.2917515755	0.0	0.0	1.3606976819999999	1182.215848	330.1535472	277.81835889999996	50.78348524
Sorcs3	7.57671952	2.042261029	0.0	0.0	0.0	212.8306185	0.0	83.34550768	110.921823
Sfxn4	7.8391230929999995	0.2917515755	0.3452242984	0.0	1.3606976819999999	239.83151780000003	101.0459315	83.34550768	1.336407506
Prpf38a	-7.04166577	673.3626363	162.60064450000002	322.6003619	860.6412838	0.0	0.701707858	55.56367178	0.0
Slc24a3	7.982226982	3.501018906	1.380897194	0.0	0.0	926.5014486	0.0	111.1273436	221.1754423
Slco1a5	-24.43108127	0.0	385.96076560000006	640.1003228999999	0.0	0.0	0.0	0.0	0.0
Mro	10.20948537	0.0	0.3452242984	0.0	0.6803488409	318.7164983	361.02869289999995	83.34550768	230.53029480000004
Paqr9	-8.676305235	0.0	105.63863529999999	348.5274002	0.0	0.0	0.0	0.0	0.0
Ccdc146	-7.788881979	0.0	199.19442019999997	299.2235241	0.6803488409	0.0	0.0	0.0	0.6682037532
Cdpf1	-7.192448183	159.5881118	111.8526727	0.0	1128.018378	0.5294293992	0.0	27.78183589	2.0046112590000003
Gm26202	9.159116548	0.0	0.0	0.0	0.0	0.0	28.41916825	27.78183589	116.267453
Gm22574	9.886410665	0.0	0.0	0.0	0.0	0.0	14.03415716	55.56367178	217.16621980000002
Muc5b	10.7495161	0.2917515755	0.0	0.0	0.0	0.0	43.50588719	833.4550767999999	0.6682037532
Spag8	-9.078626273	0.0	246.1449248	353.2027678	0.0	0.0	0.0	0.0	0.0
Rnasel	7.083458345	0.8752547265999999	0.3452242984	0.4250334149	2.7213953639999997	0.0	300.6818171	277.81835889999996	4.677426272
Zfp810	-10.84466767	0.0	115.65014	365.1037034	1530.104543	0.0	0.0	0.0	0.0
Hes6	-6.522308941	115.53362390000001	242.34745750000002	460.31118839999993	570.8126776	0.0	0.0	55.56367178	0.0
Xlr4b	-7.014529474	148.79330349999998	6.55926167	1.70013366	1843.0650100000003	0.0	1.0525617870000001	27.78183589	4.677426272
Zic3	-25.59299519	0.0	521.6339149	677.9282967999999	0.0	0.0	0.0	0.0	0.0
Zfp120	7.677954903	0.8752547265999999	0.0	0.0	0.0	61.9432397	137.1838862	0.0	0.6682037532
Col8a1	-8.035419057999999	0.0	2287.801426	4046.31811	2.7213953639999997	0.0	0.350853929	27.78183589	6.682037532000001
Macrod2	-7.63227921	41.13697215	22.78480369	151.7369291	1.3606976819999999	0.0	0.0	0.0	0.0
Ap5s1	-9.214571057999999	0.0	83.19905591	476.46245810000005	1670.256405	1.588288198	0.0	0.0	0.0
Efcab1	-8.851520701	0.0	628.6534473999999	918.4972097000001	0.6803488409	0.0	0.0	0.0	1.336407506
Ptprz1	6.697168265	37.92770482	3.1070186860000004	0.0	9.524883772999999	1195.451583	955.7261025	305.60019480000005	2792.423484
Fgfr1op	-7.490957677000001	77.31416751	281.0125789	373.1793383	2253.99571	10.58858798	0.701707858	0.0	0.6682037532
Nr2f1	11.26743167	0.2917515755	0.0	0.0	0.0	621.0206852000001	33.68197718	138.9091795	436.33705080000004
Marcks	5.159410387	63.60184346	100.4602708	8.925701712999999	7.48383725	2391.432596	380.325659	361.1638666	3312.9542079999997
Zfp125	11.15486635	0.0	0.0	0.0	0.0	0.0	153.67402090000002	111.1273436	426.31399450000004
Cacng7	9.385564068999999	0.0	0.0	0.0	0.0	174.18227230000002	0.0	27.78183589	0.0
Sco1	7.631568515	0.583503151	0.3452242984	0.8500668298999999	2.0410465230000003	25.94204056	11.57817966	722.3277332	0.0
Gpr179	12.13790926	0.0	0.3452242984	0.0	0.6803488409	639.0212847999999	44.55844898	444.5093743	2686.847291
Nlrp1b	8.774298627	1.167006302	0.3452242984	0.0	0.0	618.3735382	51.57552756	27.78183589	0.0
Fam217b	8.308995221	0.2917515755	0.0	0.0	1.3606976819999999	316.06935130000005	79.99469581	83.34550768	0.0
Zfp974	8.274369155	0.0	0.6904485968	0.4250334149	0.6803488409	31.76576395	0.0	527.8548819	0.0
Pla2g4d	24.90971057	0.0	0.0	0.0	0.0	923.8543016000001	0.0	111.1273436	0.6682037532
Rbm47	-5.682937822	85.19146005	1540.736044	1480.8164179999999	2.0410465230000003	2.117717597	30.87514575	27.78183589	4.677426272
Ccdc78	8.26828647	0.2917515755	0.3452242984	0.0	0.0	173.6528429	59.64516793	0.0	0.6682037532
Zfp213	-7.958293384	36.76069852	68.00918678	323.4504288	0.6803488409	0.0	0.350853929	0.0	0.0
Grid2	10.98563486	0.583503151	0.0	0.0	0.0	1291.807734	52.62808935	166.6910154	1.336407506
Klrg2	24.30961413	0.0	0.0	0.0	0.0	747.0248822000001	144.2009648	0.0	0.0
Cfap44	-24.82752811	0.0	192.6351585	513.0153318	0.0	0.0	0.0	0.0	0.0
Cebpd	7.721305928	0.2917515755	0.0	0.8500668298999999	1.3606976819999999	168.35854890000002	277.87631170000003	55.56367178	0.0
1810009A15Rik	-8.530908722000001	18.08859768	65.93784099	3.825300734	314.3211645	0.0	0.0	0.0	0.0
Rtl4	9.462111301	0.0	0.0	0.0	0.0	131.8279204	0.0	83.34550768	1.336407506
Mcc	7.38784958	0.583503151	0.3452242984	0.0	2.7213953639999997	46.58978713	124.9039987	194.47285119999998	213.82520099999996
2900055J20Rik	10.71048059	0.0	0.3452242984	0.0	0.0	0.5294293992	0.0	166.6910154	671.5447719
Ccnf	11.40496249	0.0	0.0	0.0	0.0	708.9059655	0.0	111.1273436	2.0046112590000003
Lyrm9	-6.780087992	225.5239679	0.6904485968	437.359384	0.0	0.5294293992	0.0	0.0	2.672815013
Zfp783	9.100791731000001	0.583503151	0.3452242984	0.0	1.3606976819999999	797.8501046	343.1351425	55.56367178	0.6682037532
1500011B03Rik	-8.665273597	91.02649156	274.45331719999996	492.6137279	1.3606976819999999	0.0	0.0	0.0	0.6682037532
4930522L14Rik	-9.31339131	37.05245009	0.0	310.6994263	1555.27745	0.0	1.0525617870000001	0.0	0.0
2310040G07Rik	-8.370677974	0.0	0.3452242984	61.62984516	304.11593189999996	0.0	0.0	0.0	0.0
Lrrc61	-6.406054723	271.91246839999997	201.95621459999998	310.27439289999995	0.0	0.0	4.911955006	0.0	0.6682037532
Drc1	-8.250819378	0.0	440.1609805	59.50467809	0.0	0.0	0.0	0.0	1.336407506
D730003I15Rik	-24.13975613	0.0	0.0	117.3092225	650.4134918999999	0.0	0.0	0.0	0.0
Ifi204	7.364882456	0.2917515755	0.6904485968	1.275100245	4.082093046000001	723.2005592999999	118.588628	166.6910154	1.336407506
Fbxo36	-7.32388348	0.0	264.0965883	438.63448420000003	0.6803488409	0.0	0.0	0.0	2.0046112590000003
Gm10558	9.979164091	0.0	0.0	0.0	0.0	276.8915758	0.0	27.78183589	0.0
Gm10634	10.53751016	0.0	0.0	0.0	0.0	393.3660436	0.0	55.56367178	0.6682037532
Rec114	9.791307179	0.2917515755	0.0	0.0	0.0	0.0	59.99602185	83.34550768	299.35528139999997
I830077J02Rik	10.46553706	0.2917515755	0.0	0.0	0.0	147.181373	327.6975697	0.0	0.0
Fat3	9.762276733	0.8752547265999999	0.0	0.0	0.6803488409	1092.21285	212.266627	27.78183589	0.0
Syndig1	10.02824217	0.0	0.0	0.0	0.0	1.588288198	0.0	111.1273436	206.47495969999997
Chst14	7.012290607000001	0.0	22.0943551	0.0	0.6803488409	539.4885578	0.0	666.7640614000001	1742.007184
Gm10800	3.846968948	52.80703517	39.35557002	59.929711499999996	80.28116323	216.53662430000003	1630.418208	1361.309959	144.33201069999998
Erich2	-10.29460647	0.0	1.380897194	311.97452660000005	1067.467331	0.0	0.0	0.0	0.0
Scn2a	24.86124173	0.0	0.0	0.0	0.0	622.079544	0.0	111.1273436	0.0
Commd6	-5.630715886	139.74900469999997	735.6729799	362.1284695	485.08872360000004	0.0	25.26148289	0.0	3.3410187660000004
Trbj2-1	-7.017105296	32.38442488	8.285383162	10.20080196	173.4889544	0.0	0.350853929	0.0	0.0
Igkv17-127	8.242213587	0.2917515755	0.0	0.0	0.0	82.06155687	0.0	55.56367178	16.03689008
Trav16n	-8.463017889	53.09878674	0.0	0.0	525.909654	0.0	0.0	0.0	1.336407506
Dnm3os	7.487774111	0.583503151	5.1783644760000005	0.0	0.0	394.42490239999995	0.0	166.6910154	485.7841285
Smim1	-8.4285596	0.0	262.0252425	487.5133268999999	0.0	1.058858798	0.0	0.0	0.6682037532
Tmppe	11.61101253	0.0	0.3452242984	0.0	0.0	0.0	92.97629118	55.56367178	1413.919142
Gm14966	8.356752968	0.2917515755	0.0	0.0	0.0	129.18077340000002	30.17343789	0.0	0.6682037532
Utp14b	5.599786502000001	26.54939337	0.3452242984	0.0	0.6803488409	660.1984607999999	58.24175221	138.9091795	483.1113135
Nat8f6	11.15460958	0.0	0.0	0.0	0.0	0.0	10.52561787	138.9091795	542.5814475999999
6530402F18Rik	10.61119128	0.0	0.0	0.0	0.0	0.0	30.52429182	83.34550768	360.1618229
Gm9311	9.809230923	0.0	0.0	0.0	0.0	243.0080942	0.0	27.78183589	0.0
Gm12216	12.42638427	0.0	0.0	0.0	0.0	91.59128606	117.88692009999998	250.036523	1210.116997
Gm9670	10.05357143	0.0	0.3452242984	0.0	0.0	50.82522232	0.0	27.78183589	449.70112589999997
Gm13263	9.961531568	0.0	0.0	0.0	0.0	273.18557000000004	0.0	27.78183589	0.0
Zcchc9-ps	10.12414403	0.0	0.0	0.0	0.0	277.42100519999997	57.89089828	0.0	0.0
Gm12036	9.834447056	0.0	0.0	0.0	0.0	221.3014889	0.0	55.56367178	0.0
Gm15472	24.96725652	0.0	0.0	0.0	0.0	0.0	0.0	166.6910154	1108.550026
Gm13073	9.404415507000001	0.0	0.0	0.0	0.0	176.8294193	0.0	27.78183589	0.0
Hoxb3os	6.54010251	3.2092673310000004	0.0	0.4250334149	0.0	238.2432296	6.315370722000001	0.0	97.55774796
C630043F03Rik	9.718986018999999	0.0	0.0	0.0	0.0	190.06515430000002	62.45199936	0.0	0.0
Gm14424	9.859101065	0.0	0.0	0.0	0.0	252.5378234	0.0	27.78183589	0.0
C230035I16Rik	8.912491635	0.2917515755	0.0	0.0	0.0	211.77175970000002	0.0	27.78183589	0.0
Gm14011	11.14252788	0.0	0.0	0.0	0.0	582.9017685	18.24440431	83.34550768	0.0
Egfros	9.339269116	0.0	0.0	0.0	0.0	167.82911950000002	0.0	27.78183589	0.0
Gm12758	10.20615153	0.0	0.0	0.0	0.0	327.7167981	0.701707858	27.78183589	0.0
Kdm6bos	8.46033694	0.0	0.0	0.8500668298999999	0.0	292.7744577	0.0	27.78183589	0.0
Gm15663	10.13574901	0.0	0.0	0.0	0.0	223.9486358	114.02752690000001	0.0	0.0
Gm15964	6.628578095	0.0	0.0	2.55020049	0.6803488409	211.24233030000002	47.71613434	55.56367178	0.0
4921531C22Rik	7.319391532	1.167006302	0.0	0.0	1.3606976819999999	315.53992189999997	76.48615652	0.0	0.0
Gm15601	9.009437149	0.583503151	0.0	0.0	0.6803488409	528.3705404	27.01575253	55.56367178	0.6682037532
Frmpd1os	-7.73187087	0.0	194.36128	295.39822339999995	0.0	0.0	0.0	0.0	0.6682037532
1700007J10Rik	9.87638673	0.0	0.0	0.0	0.0	246.18467059999998	9.122202153	27.78183589	0.0
Gm13723	10.5314941	0.2917515755	0.0	0.0	0.0	627.9032674	0.0	111.1273436	0.6682037532
Gm15875	9.857841414	0.0	0.0	0.0	0.0	0.0	0.0	55.56367178	225.85286859999997
Gm13393	9.896262425	0.0	0.0	0.0	0.0	0.0	0.0	27.78183589	259.93126
E130102H24Rik	8.942961856	0.8752547265999999	0.0	0.0	0.0	140.82822019999998	52.27723542	83.34550768	223.84825730000003
Gm11579	-8.191847754	42.30397845	22.78480369	0.0	528.6310493999999	0.5294293992	0.0	0.0	0.0
4932443L11Rik	11.28398737	0.0	0.3452242984	0.0	0.0	0.0	0.0	138.9091795	787.812225
Gm12981	10.03908316	0.0	0.0	0.0	0.0	0.0	0.0	55.56367178	263.2722787
Eldr	11.26138139	0.2917515755	0.0	0.0	0.0	0.0	0.0	138.9091795	686.9134582
Gm16638	-8.600180978	91.02649156	0.0	0.0	949.766982	2.117717597	0.0	0.0	0.0
Cers1	9.458331361	1.167006302	0.0	0.0	1.3606976819999999	1404.046767	139.28900980000003	194.47285119999998	0.0
Gm11266	10.7915413	0.0	0.0	0.0	0.0	0.0	157.18256019999998	388.9457025	0.0
Gm13905	8.399261329	0.2917515755	0.0	0.0	0.0	79.41440988	81.74896545	0.0	3.3410187660000004
A330041J22Rik	24.13366056	0.0	0.0	0.0	0.0	377.4831616	0.0	55.56367178	0.0
Gm16835	10.50203152	0.0	0.0	0.0	0.0	379.07144980000004	2.1051235740000003	55.56367178	1.336407506
Gm12976	10.045542800000002	0.0	0.0	0.0	0.0	0.0	0.0	27.78183589	291.3368364
Epb41l4aos	-6.7234118270000005	115.82537549999999	90.10354188	0.8500668298999999	366.7080253	0.0	2.1051235740000003	0.0	0.6682037532
Gm16174	9.540062079	0.0	0.0	0.0	0.0	196.9477365	0.0	27.78183589	0.0
4930419G24Rik	10.80180623	0.0	0.0	0.0	0.0	1.058858798	10.17476394	55.56367178	472.4200535
1500009L16Rik	-24.79838229	0.0	411.5073637	255.87011580000004	0.0	0.0	0.0	0.0	0.0
1700028K03Rik	24.98456311	0.0	0.0	0.0	0.0	686.6699307	0.0	111.1273436	0.0
Rbm12	-8.44464783	318.0092173	246.8353734	76.9310481	1117.8131460000002	0.5294293992	0.350853929	27.78183589	0.0
Olfr287	9.948302292000001	0.583503151	0.0	0.0	0.6803488409	804.2032573	208.05637990000002	166.6910154	0.0
Pcp4	-8.488877493	28.29990283	350.4026629	176.3888672	576.9358171	0.0	0.0	27.78183589	0.0
1700071M16Rik	9.888999638	0.0	0.3452242984	0.0	0.6803488409	722.1417005	0.350853929	83.34550768	1.336407506
Gcnt4	9.888930293	0.0	0.0	0.0	0.0	64.0609573	0.0	0.0	220.50723849999997
Gm8857	-25.12812789	0.0	0.3452242984	80.33131542	769.4745391	0.0	0.0	0.0	0.0
Gm20501	-7.3822444439999995	0.2917515755	151.55346699999998	569.1197426	0.6803488409	0.0	0.0	0.0	2.0046112590000003
Gm18294	9.874502547999999	0.0	0.0	0.0	0.0	249.36124700000002	5.613662864	27.78183589	0.0
Gm20692	23.73622168	0.0	0.0	0.0	0.0	298.0687517	25.26148289	0.0	0.0
Ighv10-3	9.239558285	0.0	0.0	0.0	0.0	0.0	102.8002012	83.34550768	0.0
Sox1	9.706829223	0.0	0.0	0.0	0.0	85.76756267	164.55049269999998	0.0	0.0
Tmem151b	9.306006677000001	0.2917515755	0.0	0.0	0.0	286.95073439999993	0.0	27.78183589	0.0
Gdap10	-8.6098015	0.2917515755	80.78248583	343.00196580000005	3.401744205	0.0	0.0	0.0	0.0
Gm26819	5.392065757	3.2092673310000004	1.035672895	1.70013366	15.64802334	713.6708301	91.57287546	55.56367178	27.39635388
1810034E14Rik	-26.25383745	0.0	152.2439156	0.4250334149	1783.194312	0.0	0.0	0.0	0.0
Gm3764	4.603284283	718.5841305	398.7340647	1.275100245	428.6197698	21865.43419	4804.944557	3472.7294859999997	7457.822089
A630072L19Rik	7.598101842999999	0.8752547265999999	0.3452242984	0.0	0.0	155.12281399999998	92.27458332	0.0	0.0
Gm26597	24.19946746	0.0	0.0	0.0	0.0	0.0	0.0	55.56367178	398.2494369
Gm17552	-5.738876177000001	110.5738471	61.10470082	165.3379984	0.6803488409	1.058858798	1.754269645	0.0	0.6682037532
D130017N08Rik	7.182151217	0.2917515755	14.84464483	0.0	0.0	790.9675223999999	0.350853929	138.9091795	1275.600965
Gm26532	7.710408397999999	0.8752547265999999	0.0	0.0	0.6803488409	265.244129	0.701707858	55.56367178	0.0
Gm26835	25.05018964	0.0	0.0	0.0	0.0	753.378035	0.0	83.34550768	0.0
Carmn	25.00280057	0.0	0.0	0.0	0.0	0.0	0.0	83.34550768	724.3328683999999
Gm16897	9.339452182	0.2917515755	0.0	0.0	0.0	257.302688	10.17476394	55.56367178	0.0
A330048O09Rik	-6.7874777470000005	0.0	113.2335699	51.42904321	639.5279105000001	0.0	0.0	27.78183589	1.336407506
Gm16958	11.52557846	0.2917515755	0.0	0.0	0.0	889.4413906	0.0	111.1273436	0.6682037532
Jpx	7.360227763999999	2.042261029	0.0	0.0	0.0	289.5978813	0.0	55.56367178	2.672815013
Gm10561	25.46922194	0.0	0.0	0.0	0.0	1028.681323	0.0	138.9091795	0.0
C530050E15Rik	-9.820590758	104.7388156	0.3452242984	42.07830808	1413.764891	0.0	0.350853929	0.0	0.0
9330104G04Rik	-7.898794995	69.1451234	0.0	0.0	359.9045369	0.0	0.350853929	0.0	0.0
Gm26703	9.645194638	0.583503151	0.0	0.0	0.0	382.2480262	103.852763	0.0	105.57619299999999
A130014A01Rik	10.56303319	0.0	0.0	0.0	0.0	0.5294293992	0.0	83.34550768	374.8623055
A330093E20Rik	11.28809057	0.0	0.0	0.0	0.6803488409	0.5294293992	29.47173003	138.9091795	1080.485469
2310009A05Rik	-7.541385375	0.0	172.61214919999998	333.6512307	681.7095386	0.0	2.1051235740000003	0.0	1.336407506
Hm629797	10.05402207	0.2917515755	0.0	0.0	0.0	430.9555308999999	69.46907794	27.78183589	0.0
Gm28320	11.28348785	0.583503151	0.0	0.0	0.0	0.0	0.0	250.036523	1353.780804
A330087D11Rik	24.85216624	0.0	0.0	0.0	0.0	0.0	0.0	111.1273436	1206.775978
Gm28791	11.05129389	0.2917515755	0.0	0.0	0.0	416.1315077	0.350853929	83.34550768	558.6183376
9430060I03Rik	9.26091132	0.2917515755	0.0	0.0	0.0	275.30328760000003	1.403415716	27.78183589	0.0
Gm37107	9.691383141000001	0.0	0.0	0.0	0.0	220.7720595	0.0	27.78183589	0.6682037532
Gm37470	11.58025763	0.0	0.0	0.0	0.0	0.0	154.7265827	55.56367178	716.3144234
Gm38190	26.287106599999998	0.0	0.0	0.0	0.0	0.0	0.0	250.036523	1778.758391
9430053O09Rik	9.727500954	0.2917515755	0.0	0.0	0.6803488409	546.3711399	0.0	138.9091795	0.6682037532
Gm38344	9.878029187000001	0.0	0.0	0.0	0.0	256.2438292	0.0	27.78183589	0.0
Gm7694	9.961280222000001	1.4587578780000001	0.3452242984	0.0	0.6803488409	1.058858798	190.86453740000002	2333.674215	2.0046112590000003
Gm38355	8.429002237999999	0.2917515755	0.0	0.0	0.0	0.5294293992	127.7108301	0.0	40.09222519
Gm38111	-8.960477649	11.961814599999999	68.69963538	0.0	466.71930489999994	0.0	0.0	0.0	0.0
Gm37900	9.593601743999999	0.0	0.6904485968	0.0	0.0	538.429699	0.350853929	83.34550768	0.6682037532
Gm37306	8.523462259	0.583503151	0.0	0.0	0.0	241.94923540000002	0.350853929	27.78183589	0.0
Gm37558	9.879979012	0.583503151	0.0	0.0	0.0	531.0176874	58.94346007	111.1273436	0.6682037532
Gm18752	7.0992796039999995	0.8752547265999999	0.6904485968	0.8500668298999999	0.0	0.0	0.0	27.78183589	307.3737264
Gm37645	9.312566027	0.583503151	0.0	0.0	0.0	344.1291095	122.79887509999999	0.0	0.0
Gm19335	10.67950338	0.2917515755	0.0	0.0	0.0	434.66153669999994	0.350853929	55.56367178	326.0834315
8030445P17Rik	10.43464319	0.0	0.0	0.0	0.0	283.774158	131.2193694	0.0	0.6682037532
Gm37242	-24.75727492	0.0	68.35441108	0.0	578.2965148	0.0	0.0	0.0	0.0
Gm37768	-9.036125763	0.583503151	54.54543915	0.0	523.8686075	0.0	0.0	0.0	0.0
Gm37606	11.27599313	0.2917515755	0.0	0.0	0.0	965.6792241	51.92638149	166.6910154	54.12450401
Gm37940	9.156729249	0.8752547265999999	0.0	0.0	1.3606976819999999	0.0	53.68065113	111.1273436	1066.45319
Gm37313	9.461281044	0.0	0.0	0.0	0.0	158.82881980000002	0.0	55.56367178	0.0
Gm37880	11.03882085	0.583503151	0.0	0.0	0.0	406.0723492	316.8210979	55.56367178	798.503485
Gm37700	9.67694872	0.0	0.0	0.0	0.0	192.1828719	0.0	55.56367178	0.6682037532
Gm37254	10.79798887	0.583503151	0.0	0.0	0.6803488409	0.0	65.25883079	138.9091795	1923.758605
Gm37735	9.29381225	0.0	0.0	0.0	0.6803488409	284.30358739999997	0.0	27.78183589	0.0
Gm43267	10.75664194	0.2917515755	0.0	0.0	0.0	470.13330650000006	0.0	111.1273436	0.0
Gm43062	7.713909352000001	0.0	0.3452242984	0.0	0.6803488409	125.47476759999999	0.0	55.56367178	0.6682037532
Gm42946	10.75950906	0.0	0.3452242984	0.0	0.0	754.4368937999999	0.0	111.1273436	0.6682037532
Gbp6	6.051643391	0.583503151	21.749130800000003	0.0	1.3606976819999999	384.8951732	220.33626740000003	55.56367178	909.425308
Gm42500	8.77377652	0.0	0.3452242984	0.0	0.0	163.0642549	52.27723542	0.0	0.0
5830487J09Rik	8.380550617	0.0	0.0	0.0	0.6803488409	0.5294293992	0.0	55.56367178	112.2582305
Gm42974	9.54960033	0.583503151	0.0	0.0	0.0	439.4264013	59.64516793	55.56367178	1.336407506
Gm43765	9.815666979	0.0	0.0	0.0	0.0	171.5351253	71.92505544	27.78183589	0.0
Gm43379	25.77085955	0.0	0.0	0.0	0.0	0.0	0.0	166.6910154	1236.845147
Gm43200	8.9086661	0.0	0.0	0.0	0.0	0.0	32.62941539	27.78183589	84.86187665
Gm42998	10.40906656	0.0	0.0	0.0	0.0	0.0	0.0	55.56367178	356.1526004
Gm8891	-8.502028217000001	57.47506038	0.0	0.0	345.6172112	0.0	0.0	0.0	0.0
Gm42971	9.424336665	0.2917515755	0.0	0.4250334149	0.0	0.5294293992	18.94611216	83.34550768	451.0375334
Gm43508	8.233622418	0.0	0.3452242984	0.0	0.0	4.764864593	117.18521229999999	27.78183589	0.0
Gm43322	8.856755919	0.0	0.6904485968	0.8500668298999999	0.0	615.7263912000001	51.57552756	55.56367178	0.6682037532
Gm43065	-8.3481497	130.1212027	226.12191549999997	0.4250334149	0.6803488409	0.0	0.0	0.0	0.0
Gm42495	9.270731792000001	0.2917515755	0.0	0.0	0.0	208.5951833	96.48483047	0.0	0.0
Gm42970	7.781980282999999	1.4587578780000001	0.0	0.0	0.6803488409	0.5294293992	0.0	55.56367178	415.62273450000004
D630030B08Rik	24.74496967	0.0	0.0	0.0	0.0	588.1960625	0.0	83.34550768	0.0
Gm20186	-7.983920189	16.92159138	18.29688782	0.0	244.24523390000002	0.0	0.0	0.0	0.0
Gm42735	11.60194889	0.2917515755	0.0	0.0	0.0	253.59668219999998	16.49013466	83.34550768	1197.421126
Gm43771	10.09684724	0.0	0.0	0.0	0.0	302.8336163	0.0	27.78183589	0.0
4833403J16Rik	-7.966068599	30.05041228	52.81931766	0.0	355.82244380000003	0.0	0.350853929	0.0	0.0
Gm44433	10.26048372	0.2917515755	0.6904485968	0.0	0.6803488409	1.058858798	271.560941	138.9091795	1580.301876
Gm44093	11.10473172	0.583503151	0.0	0.0	0.0	0.0	36.13795468	111.1273436	1488.089758
Gm44103	7.903477706	2.62576418	4.487915879	0.4250334149	0.0	742.789447	6.315370722000001	138.9091795	943.5036993999998
D530018E20Rik	10.65454652	0.2917515755	0.0	0.0	0.0	15.35345258	13.68330323	111.1273436	664.1945306
Gm44257	9.105394443	0.0	0.0	0.0	0.0	138.1810732	0.350853929	27.78183589	0.0
Gm43963	8.627546846	0.2917515755	0.0	0.0	0.0	102.70930340000001	91.57287546	0.0	0.0
Gm5112	7.2823799529999995	0.583503151	1.035672895	0.4250334149	0.0	83.12041567	0.0	0.0	239.21694359999998
Gm44260	9.948798416	0.0	0.0	0.0	0.0	270.538423	0.0	27.78183589	0.0
Gm44053	9.588902314	0.0	0.0	0.0	0.0	0.0	62.45199936	27.78183589	141.6591957
Gm16499	10.04281401	0.0	0.0	0.0	0.0	290.6567401	0.0	27.78183589	0.0
9330118I20Rik	24.80221509	0.0	0.0	0.0	0.0	616.78525	0.0	83.34550768	0.0
Gm44559	10.14318185	0.0	0.0	0.0	0.0	286.95073439999993	0.0	55.56367178	0.0
Gm45200	10.90710455	0.583503151	0.0	0.0	0.0	482.839612	107.3613023	111.1273436	739.0333509999999
B230311B06Rik	8.97233502	0.0	0.0	0.0	0.0	123.35705	0.0	27.78183589	0.6682037532
Gm45597	8.668380835	0.0	0.3452242984	0.0	0.6803488409	319.77535710000006	0.0	27.78183589	0.0
Gm31166	-9.195464826	0.0	66.97351389	0.0	731.375004	1.058858798	0.0	0.0	0.0
Gm45262	24.40120152	0.0	0.0	0.0	0.0	469.6038771000001	0.0	55.56367178	0.0
Gm45257	23.26591474	0.0	0.0	0.0	0.0	0.0	0.0	111.1273436	619.4248792000001
Gm45250	10.47745799	0.0	0.0	0.0	0.6803488409	718.4356947000001	0.0	83.34550768	0.0
Gm45242	9.240528044	0.0	0.0	0.0	0.0	154.06395519999998	0.0	27.78183589	0.6682037532
Gm31036	9.85378137	0.0	0.0	0.0	0.0	225.0074946	0.0	55.56367178	0.0
Gm47179	8.951587737999999	0.2917515755	0.0	0.0	0.0	192.1828719	0.0	55.56367178	0.0
Gm48822	24.78100683	0.0	0.0	0.0	0.0	605.6672327	0.0	83.34550768	0.0
Gm47147	24.18940726	0.0	0.0	0.0	0.0	396.01319060000003	0.0	55.56367178	0.0
Gm48740	10.55423596	0.2917515755	0.0	0.0	0.0	412.95493139999996	92.27458332	0.0	0.0
