Gene.name	log2FoldChange	208	209	210	213	287	293	295	296
Igsf5	-9.350494337	0.0	358.3518357	93.66403911	0.9189235336	0.4316534804	0.0	0.0	0.0
Btbd17	-11.10985412	5231.330659	84.56680489	660.9835671	122.21683	0.8633069606999999	0.8827414920000001	0.0	1.062128325
Lck	4.926596861	439.92908650000004	7.928137958	77.06534863	33.08124721	5486.747389	1197.438834	836.4345376	9188.472141
1-Sep	5.910335722	47.81837896	3.171255183	20.15555272	5.513541202000001	832.2279102000001	402.0887496	45.72150206	3006.8852890000003
Sez6	-9.884176765	105.2004337	418.07714169999997	0.0	0.0	0.0	0.0	0.5379000242	0.0
Tcf7	6.381716333	181.70984009999998	12.68502073	0.0	12.86492947	3709.198357	1093.2753380000001	183.9618083	11700.40563
Dlg3	-5.856788794	3222.9587420000003	1116.281825	394.2188988	0.9189235336	1.294960441	19.42031282	60.78270273	0.0
Vpreb3	-26.81224647	2228.33646	0.5285425305	0.0	247.19043050000002	0.0	0.0	0.0	0.0
Ramp2	-8.673956191	0.0	153.2773339	129.8254719	0.0	0.4316534804	0.0	0.0	0.0
Itgb7	6.264504267	239.09189480000003	7.399595428	0.0	23.89201187	5331.7837899999995	549.9479495	1555.6068699999998	12780.59014
Fndc5	-8.012371003	47.81837896	63.42510367	21.34117347	146.1088418	0.4316534804	0.44137074600000004	0.0	0.0
Tubb6	-8.216410932	47.81837896	293.86964700000004	82.99345237	1.8378470669999998	0.0	0.0	0.0	2.12425665
Marveld3	-24.88808079	0.0	452.4324061000001	157.0947491	0.0	0.0	0.0	0.0	0.0
Smo	-7.294303479	1625.824885	2.6427126530000002	300.5548597	872.0584333999999	0.4316534804	17.21345909	0.0	0.0
Taco1	-12.30119156	1348.478287	197.14636389999998	68.17319302	523.7864142	0.0	0.0	0.0	0.0
Gria3	-8.962670057	76.50940634	0.0	1.778431122	133.2439124	0.0	0.0	0.0	0.0
Ppm1j	7.660806776	9.563675793	0.5285425305	0.0	0.0	219.71162149999998	0.0	3.7653001689999996	423.7892017
Kcnn1	-9.603654067999999	105.2004337	20.08461616	203.9267687	0.0	0.0	0.0	0.0	0.0
Ccdc65	-24.73958959	0.0	330.3390816	214.5973554	0.0	0.0	0.0	0.0	0.0
Lin7b	-8.650475496	0.0	133.1927177	0.0	299.569072	0.0	0.8827414920000001	0.0	0.0
Col5a3	-9.859776419	2783.0296559999997	1.057085061	213.4117347	4.594617668	1.294960441	0.8827414920000001	0.0	1.062128325
Utp20	6.292772221	28.69102738	3.699797714	8.892155611	3.6756941339999996	349.6393191	151.3901659	0.0	2726.483411
Clec11a	-9.517998107	0.0	178.11883280000004	130.4182823	0.0	0.0	0.0	0.0	0.0
Arhgef40	-6.703532322999999	47.81837896	255.81458480000003	438.67967680000004	1111.8974759999999	1.294960441	13.24112238	0.0	3.186384975
Nkg7	8.052988129	28.69102738	3.171255183	0.0	6.432464735	2090.497805	172.1345909	178.582808	6212.3885740000005
Chd5	-9.897400267	9.563675793	330.3390816	61.65227891	0.0	0.0	0.0	0.0	0.0
Cd44	5.759749436	66.94573055	2.6427126530000002	0.0	9.189235336	1036.400006	535.3827149	61.85850278	2244.2771510000002
Pafah1b3	-10.10765641	57.38205476	283.8273389	225.8607525	199.4064068	0.0	0.0	0.0	1.062128325
Adcy9	-8.762830632	191.2735159	0.0	10.67058673	449.3536079	0.0	1.3241122379999999	0.0	0.0
Apoa2	-9.173998806	306.03762539999997	0.0	10.07777636	90.0545063	0.0	0.44137074600000004	0.0	0.0
Sh2d1a	7.474134337000001	9.563675793	0.0	0.0	1.8378470669999998	761.8683929	177.8724106	38.72880174	0.0
Kmt2b	-8.526985229	57.38205476	2.6427126530000002	151.16664540000002	483.35377869999996	1.726613921	0.0	0.0	0.0
Saal1	-8.252978414	47.81837896	268.49960550000003	0.0	383.1911135	1.726613921	0.44137074600000004	0.0	0.0
Fance	-8.139213693	19.12735159	67.12490138	5.335293367	211.35241269999997	0.4316534804	0.44137074600000004	0.0	0.0
Ankrd26	-10.69088573	19.12735159	241.01539390000002	134.56795490000002	754.4362211	0.4316534804	0.0	0.0	0.0
Fzd3	-24.97833373	0.0	298.6265298	348.5725	0.0	0.0	0.0	0.0	0.0
Sardh	-8.544653692999999	0.0	200.3176191	163.61566330000002	36.75694134	0.4316534804	0.44137074600000004	0.0	0.0
Mertk	-8.44786531	12901.398640000001	6.342510367	409.0391581	9268.26276	7.338109166000001	45.01981609	0.5379000242	11.68341158
Galns	-9.557982332	9.563675793	0.0	199.7770961	314.2718485	0.4316534804	0.0	0.0	0.0
Notch4	-10.87176628	793.7850908	0.5285425305	1.778431122	512.7593318	0.4316534804	0.0	0.0	0.0
Serac1	-6.980654662	0.0	163.8481845	26.67646683	269.2445954	0.8633069606999999	2.6482244759999998	0.0	0.0
Il17rb	-23.99399466	0.0	284.884424	27.86208758	0.0	0.0	0.0	0.0	0.0
E2f3	-10.48896593	28.69102738	41.75485991	0.0	535.7324201	0.0	0.0	0.0	0.0
Cd34	-12.25920759	37566.11851	0.5285425305	0.0	6997.602709000001	5.611495245	1.3241122379999999	0.0	2.12425665
Dyrk3	-8.242857537	19.12735159	213.53118230000004	298.1836182	2.7567706010000004	0.0	0.8827414920000001	0.0	1.062128325
Cmah	5.454208123	66.94573055	1.5856275919999998	0.0	7.351388269	570.2142476	244.960764	625.0398281	1537.9618150000001
Afmid	7.890889455	9.563675793	2.6427126530000002	0.0	1.8378470669999998	270.6467322	0.44137074600000004	0.0	2424.838966
Etv4	-10.38354549	774.6577392	15.32773339	145.23854169999998	0.9189235336	0.0	0.0	0.0	1.062128325
Myo1c	-7.2547074060000005	9114.18303	71.88178415	260.8365646	1240.54677	64.74802206	1.7654829840000001	1.075800048	2.12425665
Ikzf3	7.145058896	86.07308213	0.5285425305	0.5928103740999999	8.270311803	896.9759322000001	20.30305432	177.507008	11462.48889
Shroom1	-8.240388708	57.38205476	0.5285425305	0.0	393.2992724	0.0	1.3241122379999999	0.0	0.0
Cenpv	-9.129019609	0.0	6.871052897	144.6457313	83.62204156	0.0	0.0	0.0	0.0
Dnase1l1	6.694261909	28.69102738	0.5285425305	0.0	0.9189235336	571.0775545	206.5615091	0.0	1746.138967
Arhgef25	-10.36336656	0.0	300.7406999	340.8659651	0.0	0.4316534804	0.0	0.0	0.0
Mgat4c	-10.03165933	9.563675793	169.6621523	227.6391837	319.7853897	0.4316534804	0.0	0.0	0.0
Lama2	-6.49919439	124.32778529999999	0.5285425305	309.4470153	292.2176837	0.4316534804	0.0	7.530600338999999	0.0
Poc1b	8.270565699	0.0	0.0	0.0	0.9189235336	273.6683066	44.57844535	259.8057117	0.0
Dusp6	-5.657708492	47827.94264	937.1059067	264.9862372	21591.94627	28.92078318	775.4884007	580.3941261	13.80766823
Igf1	-12.20319304	1750.15267	134.24980280000003	113.2267815	0.0	0.0	0.0	0.0	0.0
Fam241b	-8.918921802	9.563675793	24.312956399999997	101.9633843	199.4064068	0.4316534804	0.0	0.0	0.0
Lrig3	-8.061943786	0.0	224.102033	225.26794219999996	159.8926949	2.158267402	0.0	0.0	0.0
Egfr	-8.709842913	66.94573055	0.0	224.6751318	0.0	0.4316534804	0.0	0.0	0.0
Slc1a4	-9.247110776	12786.63453	413.8488014	477.8051615	1774.441343	3.453227843	0.44137074600000004	18.28860082	3.186384975
Slc36a1	-7.716753637999999	38.25470317	0.5285425305	1.185620748	330.81247210000004	0.4316534804	0.44137074600000004	0.0	1.062128325
Papolg	5.006498552	19.12735159	2.6427126530000002	17.78431122	3.6756941339999996	876.6882186	146.0937169	86.60190389	196.4937402
Adcy1	-9.007681952	38.25470317	0.0	0.0	319.7853897	0.4316534804	0.0	0.0	0.0
Tubd1	-10.75853867	38.25470317	502.64394649999997	188.513699	0.9189235336	0.0	0.0	0.0	0.0
Myo19	-9.169188493	38.25470317	10.04230808	164.801284	186.5414773	0.0	0.44137074600000004	0.0	0.0
Fam20a	-9.661021435	2123.136026	562.897795	410.2247789	282.10952480000003	0.8633069606999999	2.20685373	0.0	1.062128325
Pomc	7.445420607000001	0.0	0.0	0.5928103740999999	0.0	98.41699352	114.31502320000001	68.31330307	0.0
Grin2c	-7.911718636	9.563675793	65.01073126	232.974477	0.0	0.0	0.0	0.5379000242	1.062128325
Pld2	-8.694707858	66.94573055	0.0	74.10129676	1023.680816	2.158267402	0.0	0.5379000242	0.0
Dhrs13	-9.56225494	0.0	308.14029530000005	216.9685969	0.0	0.0	0.44137074600000004	0.0	0.0
Lrrc46	-9.396567381	0.0	236.7870537	231.19604590000003	0.0	0.0	0.44137074600000004	0.0	0.0
Kat2a	-6.435840285	38.25470317	907.5075249	322.48884350000003	682.7601855	0.4316534804	12.79975163	9.144300411	0.0
Adam11	-7.896166834	3557.6873950000004	346.1953575	375.84177719999997	1.8378470669999998	2.158267402	14.56523462	0.0	1.062128325
Net1	7.339231623	0.0	0.0	0.0	2.7567706010000004	119.9996675	52.96448952	0.0	492.82754289999997
Vash1	-8.431932044	3079.503605	214.5882674	0.0	0.0	3.884881323	1.7654829840000001	3.7653001689999996	0.0
Amph	-9.045360872	76.50940634	0.0	124.49017859999998	1518.980601	1.294960441	0.0	0.0	2.12425665
Elovl2	-8.111994178	0.0	625.2658136	476.02673039999996	195.7307127	1.726613921	0.0	0.0	3.186384975
Mtx3	-7.783194462999999	9.563675793	0.0	106.11305700000001	136.000683	0.0	0.44137074600000004	0.5379000242	0.0
Cenpk	8.587214316	0.0	0.0	0.0	0.0	0.0	239.6643151	123.7170056	1.062128325
4933413J09Rik	-13.0117609	3509.8690159999996	0.0	0.0	510.00256119999995	0.4316534804	0.0	0.0	0.0
Rnase6	7.609960908	0.0	0.0	0.0	1.8378470669999998	285.3229505	94.0119689	200.636709	1.062128325
Atp8a2	-10.92048313	66.94573055	369.4512288	0.0	3969.749665	2.158267402	0.0	0.0	0.0
Cacna2d3	-9.940306004	9.563675793	371.565399	32.60457058	0.0	0.0	0.0	0.0	0.0
Ajuba	-10.1372992	9.563675793	311.840093	151.7594558	0.9189235336	0.0	0.0	0.0	0.0
Sema5a	8.284567096	9.563675793	0.0	0.0	0.0	195.53902659999997	16.77208835	378.681617	2.12425665
Tbc1d31	-8.770171975	143.45513689999999	663.8494184	109.66991920000001	1992.2262210000001	3.021574363	0.8827414920000001	1.6137000730000002	1.062128325
Syngr1	-6.816413845	11591.17506	0.5285425305	147.6097831	2800.87893	2.158267402	0.8827414920000001	123.7170056	2.12425665
Cd96	6.659879309	66.94573055	2.114170122	0.0	2.7567706010000004	1271.651153	284.2427604	0.0	5140.701094
Mzt2	-7.966032526	19.12735159	0.0	86.55031462	264.64997769999997	0.8633069606999999	0.44137074600000004	0.0	0.0
Sidt1	6.973879719	19.12735159	1.5856275919999998	0.0	3.6756941339999996	735.5375305	18.09620059	83.91240377	1499.725195
Igsf11	-7.536878102	3222.9587420000003	40.69777485	129.2326616	430.0562137	5.611495245	13.68249313	0.0	1.062128325
Mylk	-8.813437002999999	38.25470317	4.228340244	60.46665816	209.5145657	0.0	0.0	0.0	1.062128325
Ece2	-10.28595081	19.12735159	0.0	91.88560798	415.3534372	0.0	0.0	0.0	0.0
Cbr3	-9.571413348	19.12735159	194.50365119999998	213.4117347	389.6235783	0.8633069606999999	0.0	0.0	0.0
Slc11a2	9.078907962999999	9.563675793	0.0	0.0	0.0	404.4593111	192.87901599999998	414.7209186	2.12425665
Soat2	9.336366033	0.0	0.0	0.0	0.9189235336	255.9705139	0.0	0.0	411.04366180000005
Abcc1	4.582188036	124.32778529999999	114.6937291	158.2803699	6.432464735	949.6376568	321.7592738	1128.514251	7252.212204
Tmem52	-9.933365457	0.0	0.0	248.38754669999997	163.568389	0.0	0.0	0.0	0.0
Frs3	-7.888092037000001	9.563675793	0.5285425305	36.16143282	369.4072605	0.4316534804	0.44137074600000004	0.0	1.062128325
Zfp605	-7.403568719	9.563675793	78.22429452	110.26272959999999	337.2449368	3.021574363	0.0	0.0	0.0
Satb1	6.157044281	114.7641095	3.699797714	0.5928103740999999	7.351388269	2406.0365	355.3034505	46.25940208	5643.087792
Cbs	-7.704128925	17692.800219999997	457.18928889999995	649.1273596	1992.2262210000001	94.96376568	1.3241122379999999	0.0	3.186384975
Dnase1l2	-9.708973901	19.12735159	276.956286	55.13136479	0.9189235336	0.0	0.0	0.0	0.0
Pigf	-8.675571483999999	28.69102738	1.5856275919999998	141.088869	0.9189235336	0.0	0.0	0.0	0.0
Mllt1	-8.091162779	47.81837896	2.114170122	162.4300425	534.8134966	1.726613921	0.0	0.0	1.062128325
Epb41l4a	-7.45561612	28.69102738	1012.1589460000001	110.26272959999999	1.8378470669999998	0.4316534804	3.089595222	0.0	3.186384975
Srfbp1	-8.741885601	0.0	1.5856275919999998	219.93264879999998	530.2188788999999	0.8633069606999999	0.0	0.0	1.062128325
Sac3d1	9.121266692999999	0.0	0.0	0.0	0.9189235336	0.0	0.44137074600000004	189.3408085	865.634585
Tm7sf2	-8.713683724	0.0	288.58422169999994	104.9274362	98.3248181	0.0	0.44137074600000004	0.0	1.062128325
Papss2	-7.732639545	47.81837896	25.898584	324.860085	3.6756941339999996	1.294960441	0.44137074600000004	0.0	0.0
Dgka	4.918202787	401.6743833	204.0174168	134.56795490000002	27.56770601	3014.236253	1799.9099019999999	516.3840232	17749.226440000002
Baiap2	-8.858404354	1157.2047710000002	2.114170122	332.5666199	0.0	0.4316534804	2.6482244759999998	0.0	0.0
Pidd1	-10.01495701	9.563675793	302.85487	123.3045578	0.0	0.0	0.0	0.0	0.0
Dhtkd1	-6.818667769	19.12735159	0.0	125.67579930000001	387.7857312	0.8633069606999999	0.8827414920000001	0.0	3.186384975
Mdh1b	-8.428455669	9.563675793	163.8481845	65.20914115	0.0	0.0	0.0	0.5379000242	0.0
Nrp2	-7.266651402000001	38.25470317	1.057085061	55.72417517	555.0298142999999	0.4316534804	0.8827414920000001	0.0	3.186384975
Icos	6.227288914	86.07308213	3.171255183	0.0	10.10815887	1823.3043010000001	141.6800095	257.65411159999996	4687.172299
Il18r1	7.443556188	28.69102738	0.5285425305	0.0	5.513541202000001	715.249817	277.6221992	371.1510167	3510.3341149999997
Il1r1	7.069345952999999	0.0	1.5856275919999998	0.0	1.8378470669999998	393.66797410000004	271.4430088	0.0	2.12425665
Mitd1	5.826038235	9.563675793	4.228340244	5.928103741	3.6756941339999996	423.88371770000003	18.53757133	11.29590051	782.7885756000001
Fam135a	-10.50671179	28.69102738	0.0	248.9803571	1278.2226349999999	0.8633069606999999	0.0	0.0	0.0
Sp100	4.959778797	133.89146110000001	1.057085061	73.50848639	12.86492947	2284.310218	673.9731291	825.1386371	2929.349921
Slc35f5	-10.61508107	38.25470317	21.14170122	251.94440899999998	779.2471565000001	0.4316534804	0.0	0.0	0.0
Steap3	-9.574374687	19.12735159	434.4619601	74.69410714	0.9189235336	0.0	0.0	0.0	1.062128325
Rgs7	-9.392857982999999	38.25470317	412.2631738	15.41306973	0.9189235336	0.4316534804	0.0	0.0	0.0
Sell	5.988744429	315.6013012	2.114170122	1.778431122	16.54062361	4153.369788	1707.663416	667.5339299999999	14256.94851
Dclre1c	-9.287913404	19.12735159	347.25244260000005	2.96405187	816.9230213999999	1.294960441	0.44137074600000004	0.0	0.0
Lrsam1	7.073704703	0.0	0.0	2.371241496	1.8378470669999998	0.4316534804	288.21509710000004	346.40761560000004	148.6979655
Dolpp1	-10.10841771	86.07308213	406.449206	230.6032355	941.8966220000001	0.8633069606999999	0.44137074600000004	0.0	0.0
Cutal	-10.28576603	851.1671456	498.41560630000004	7.706534863	0.9189235336	0.0	0.8827414920000001	0.0	0.0
Agpat2	-6.515257713	38.25470317	426.0052796	112.0411607	425.4615961	10.79133701	0.0	0.0	0.0
Card9	-8.128230227000001	0.0	17.97044604	64.02352040000001	243.5147364	0.4316534804	0.0	0.0	1.062128325
Ube2l6	-8.90432861	38.25470317	225.6876605	0.0	578.9218262	0.4316534804	0.44137074600000004	0.0	1.062128325
Traf6	5.558422533	9.563675793	0.0	13.6346386	1.8378470669999998	225.3231168	223.3335975	374.91631689999997	294.2095461
Slc28a2	7.55478908	19.12735159	0.0	0.5928103740999999	3.6756941339999996	721.7246192000001	13.68249313	493.2543222	1853.413927
Chst1	-8.18158096	9.563675793	3.171255183	120.9333163	799.4634743	1.294960441	0.8827414920000001	0.0	1.062128325
Rasgrp1	7.560466291	0.0	0.0	0.5928103740999999	3.6756941339999996	363.45223050000004	26.48224476	699.2700313999999	1.062128325
Il1a	-7.494163671	172.1461643	0.5285425305	2.371241496	1537.359072	2.589920882	1.7654829840000001	0.0	5.310641626000001
Cst3	-4.6031334710000005	422446.6871	13642.21126	16657.3787	300136.0478	7237.102252	7096.800225	8212.657568999999	8430.112517
Necab3	-8.329589618	0.0	6.342510367	74.69410714	141.51422419999997	0.4316534804	0.0	0.0	0.0
Sla2	7.907860632999999	9.563675793	6.871052897	1.185620748	1.8378470669999998	807.1920083	0.44137074600000004	324.8916146	2994.139749
Lrrc34	-9.044838198999999	19.12735159	273.2564883	74.10129676	0.0	0.4316534804	0.0	0.0	0.0
Kcnab1	-8.861810927	803.3487666	0.0	0.0	45.02725315	1.726613921	0.0	0.0	0.0
Vangl1	-7.770661755	143.45513689999999	30.12692424	150.573835	0.9189235336	1.294960441	0.0	0.0	0.0
Cd2	6.5854679339999995	105.2004337	2.114170122	0.0	9.189235336	2248.914633	119.61147220000001	153.30150690000002	8004.199058
Tmem144	-8.936609048	86.07308213	564.4834225999999	224.0823214	192.05501850000002	0.4316534804	0.0	0.0	2.12425665
Prss12	8.395524689	0.0	0.0	0.0	1.8378470669999998	239.56768160000001	0.0	0.0	465.21220639999996
Adgrl2	-6.937244785	28.69102738	86.15243248	112.63397109999998	45.94617668	0.4316534804	0.0	0.0	2.12425665
Ddah1	-5.502681722999999	47.81837896	232.03017090000003	64.02352040000001	18.37847067	0.8633069606999999	0.0	2.1516000969999998	5.310641626000001
Tnfsf8	8.766738623	0.0	0.0	0.0	0.9189235336	174.3880061	286.8909849	350.1729157	0.0
Dab1	-9.434978118	9.563675793	387.9502174	82.99345237	0.0	0.0	0.44137074600000004	0.0	0.0
Extl1	-7.32649679	47.81837896	139.53522809999998	538.8646301	18.37847067	1.294960441	0.44137074600000004	0.0	3.186384975
Rcc1	-8.069518703	0.0	482.03078789999995	122.71174740000002	0.0	2.158267402	0.0	0.0	0.0
Mmp23	-10.32037345	19.12735159	4.228340244	58.68822704	456.70499620000004	0.0	0.0	0.0	0.0
Guf1	-6.104695977	19.12735159	803.3846464	313.59668789999995	3.6756941339999996	0.8633069606999999	15.00660536	0.5379000242	0.0
Gabra4	-8.198521228999999	468.6201138	240.4868514	100.7777636	7.351388269	0.0	0.0	0.0	3.186384975
Gpat3	-11.3378997	19.12735159	418.07714169999997	0.0	655.1924795	0.0	0.0	0.0	0.0
Dck	5.341680557	66.94573055	1.057085061	1.778431122	5.513541202000001	1150.356525	146.5350877	332.960115	1050.4449140000002
Acad10	-6.603947612000001	38.25470317	358.3518357	64.02352040000001	238.9201187	3.453227843	0.8827414920000001	2.689500121	0.0
Tspan12	-7.7231428410000005	0.0	0.5285425305	151.16664540000002	536.6513436	1.294960441	0.0	0.0	2.12425665
Auts2	-8.212256353999999	430.3654107	0.0	100.1849532	0.0	0.8633069606999999	0.0	0.0	1.062128325
Plxna4	-10.57005323	1912.735159	6.342510367	186.1424575	1355.412212	1.294960441	0.0	0.0	1.062128325
Sspo	-10.74437735	2390.918948	0.5285425305	0.0	744.3280622000001	0.8633069606999999	0.0	0.0	1.062128325
Rab19	7.50985363	0.0	0.5285425305	0.0	1.8378470669999998	439.42324299999996	0.0	233.9865105	1.062128325
Klrk1	5.865378478999999	95.63675793	2.6427126530000002	0.5928103740999999	7.351388269	2333.5187149999997	209.65110430000001	644.942129	2481.131768
Klrc1	7.171700935	28.69102738	0.5285425305	0.0	4.594617668	1096.39984	191.5549038	3.7653001689999996	2726.483411
Klra13-ps	6.758624912	0.0	3.171255183	0.5928103740999999	2.7567706010000004	530.0704739	44.57844535	201.174609	130.641784
Dusp16	-7.392224654	38.25470317	0.5285425305	219.33983840000002	202.1631774	1.726613921	0.0	0.0	1.062128325
Ptpro	-9.883709223	1491.933424	0.0	2.371241496	1201.951982	0.8633069606999999	0.44137074600000004	0.5379000242	1.062128325
Cpne9	-10.57766101	2591.75614	0.0	0.0	218.70380099999997	0.8633069606999999	0.0	0.0	1.062128325
Qpctl	-6.666843748	57.38205476	0.5285425305	120.9333163	759.0308388	3.453227843	0.44137074600000004	3.227400145	2.12425665
Zfp583	-24.12171867	28.69102738	315.53989069999994	0.0	0.0	0.0	0.0	0.0	0.0
Rab30	-9.646271113	0.0	0.0	205.1123894	132.3249888	0.0	0.0	0.0	0.0
Syt3	-7.041708127000001	38.25470317	312.8971781	158.8731803	0.0	0.0	0.44137074600000004	0.5379000242	3.186384975
Lat	6.233808877	114.7641095	0.0	0.5928103740999999	12.86492947	3004.308223	595.4091363	171.05220769999997	5352.06463
Dkk3	-24.63775045	0.0	373.67956910000004	138.12481719999997	0.0	0.0	0.0	0.0	0.0
Stx1b	-7.451145035	382.5470317	0.0	48.0176403	717.6792797999999	2.158267402	0.0	4.303200193	0.0
Itgal	5.215098108	105.2004337	3.171255183	1.778431122	11.94600594	2676.2515780000003	917.6097809	387.8259174	220.92269159999998
Lhpp	-9.964542773	9.563675793	327.1678264	81.80783163	1.8378470669999998	0.0	0.0	0.0	0.0
Sash3	6.421455275	219.9645432	3.171255183	0.0	23.89201187	5187.179874	386.19940269999995	992.4255446000001	14002.037709999999
Cd40lg	7.850516874	0.0	0.0	0.0	1.8378470669999998	385.0349045	316.90419560000004	0.5379000242	0.0
Vegfd	-8.845107707	19.12735159	106.7655912	67.58038265	0.0	0.0	0.0	0.0	0.0
Angpt2	-9.818698527999999	9.563675793	247.88644680000004	122.71174740000002	0.0	0.0	0.0	0.0	0.0
Slc25a15	-9.722502448	0.0	92.49494285	263.20780609999997	0.0	0.0	0.0	0.0	0.0
Arhgef7	-6.738643712000001	1759.7163460000002	4.756882775	90.69998724	1848.87415	27.62582274	5.737819697999999	1.075800048	0.0
Il15	-8.836942472999999	0.0	154.3344189	147.01697280000002	374.9208017	1.294960441	0.0	0.0	0.0
Phlpp2	-6.837196785	76.50940634	59.72530595	120.9333163	62.48680029	0.8633069606999999	1.7654829840000001	0.0	0.0
Adgrg1	-5.730746533	60987.560529999995	681.2913219	1166.058006	9491.561179	569.3509406000001	376.0478756	402.34921810000003	13.80766823
Pla2g15	-11.03686571	18811.75028	1.057085061	90.10717686	7137.279086	4.316534804	1.3241122379999999	0.5379000242	6.372769951
Panx1	8.090328321	0.0	0.0	0.0	1.8378470669999998	23.74094142	0.8827414920000001	86.60190389	704.1910796
Cadm1	-6.315780776	38723.323280000004	302.3263275	270.3215306	3272.286703	66.90628946	244.0780225	211.39470950000003	11.68341158
Cd3e	5.615308599	76.50940634	1.057085061	48.61045068	5.513541202000001	1432.226248	346.9174063	357.1656161	4086.0076670000003
Rasgrf1	-6.596306222000001	181.70984009999998	5.285425305	64.02352040000001	102.9194358	3.021574363	0.44137074600000004	0.0	0.0
Lrrc2	-7.816293972	19.12735159	40.16923232	0.0	280.2716778	0.0	0.0	0.0	2.12425665
Ttc21a	-9.138564424	0.0	103.594336	133.3823342	0.0	0.0	0.0	0.0	0.0
Klra9	8.493540026	0.0	0.0	0.0	0.0	209.351938	131.0871116	0.0	1.062128325
Rnf125	5.76940028	181.70984009999998	0.0	1.185620748	11.027082400000001	1353.233661	661.6147482000001	725.6271326	7427.463378
Zfp7	9.170104459	19.12735159	0.0	0.0	0.9189235336	76.83431951	41.04747938	681.5193306	4507.672611999999
Jcad	-9.195403811	19.12735159	160.6769293	4.742482993	442.9211432	0.8633069606999999	0.0	0.0	0.0
Tldc1	-8.203376299999999	28.69102738	344.6097299	178.4359226	0.9189235336	1.726613921	0.0	0.0	0.0
Faah	7.5323109089999996	19.12735159	0.0	0.0	9.189235336	1926.901136	281.1531652	568.5603256	1640.9882619999998
Batf	6.642642942	38.25470317	1.5856275919999998	0.0	2.7567706010000004	246.90579080000003	95.33608113	0.5379000242	3328.710171
Gbp8	7.250836193	9.563675793	0.5285425305	0.0	1.8378470669999998	650.5017949	21.62716655	257.65411159999996	3.186384975
Gjc1	-10.07476546	66.94573055	362.580176	25.49084609	0.0	0.0	0.0	0.0	0.0
Chst11	-7.533943094	47.81837896	71.88178415	156.5019388	0.0	0.4316534804	0.8827414920000001	0.0	0.0
Dusp5	6.569866867999999	9.563675793	3.171255183	0.0	2.7567706010000004	202.4454823	37.51651341	94.67040426	748.8004692000001
Cpne7	8.446458486000001	0.0	0.0	0.0	1.8378470669999998	660.429825	0.8827414920000001	398.0460179	0.0
Lbx2	-11.265287400000002	965.9312551	77.69575199	0.0	0.9189235336	0.0	0.0	0.0	0.0
Ccl5	6.147133525	172.1461643	5.285425305	0.5928103740999999	37.67586488	5488.474003	520.8174803	332.4222149	8435.423158
Adrb1	-8.806381278	0.0	69.2390715	46.83201955	71.67603562	0.0	0.0	0.0	0.0
Ccl7	-7.68068881	95.63675793	0.5285425305	0.0	272.001366	0.0	0.8827414920000001	0.0	1.062128325
Midn	-6.259108466	1138.077419	10.04230808	32.60457058	203.0821009	13.38125789	4.41370746	0.0	0.0
Plppr3	-9.695447319	449.4927623	0.0	5.335293367	126.81144760000001	0.4316534804	0.0	0.0	0.0
Ripor2	5.5136058189999995	95.63675793	5.813967836000001	29.640518699999998	4.594617668	1071.795592	993.0841785	54.86580247	3770.555554
Slitrk2	-9.131550686	2744.774953	17.97044604	241.27382230000003	3.6756941339999996	0.4316534804	0.8827414920000001	1.075800048	3.186384975
Zcwpw1	-9.273901951000001	9.563675793	289.6413067	0.0	130.48714180000002	0.4316534804	0.0	0.0	0.0
Grhl3	-9.363348726	181.70984009999998	278.01337110000003	0.0	0.0	0.0	0.0	0.0	1.062128325
Zfyve28	-9.308597687999999	9.563675793	0.0	34.97581207	222.37949509999999	0.0	0.0	0.0	0.0
Fgf2	-10.58923356	1578.006506	126.85020729999998	0.5928103740999999	0.0	0.0	0.0	1.075800048	0.0
Stag1	-5.951760685	8674.253944	17.44190351	30.82613945	830.7068744	79.85589387	46.78529907	22.05390099	5.310641626000001
Adgrl3	-9.864341214	1004.185958	1.5856275919999998	98.99933247	0.9189235336	0.0	0.44137074600000004	0.0	1.062128325
Atp8a1	-5.254287375	39325.83486	476.21682000000004	245.4234949	6435.221506	773.0913833	314.2559711	118.3380053	11.68341158
Fdxacb1	8.744512925	0.0	0.0	0.5928103740999999	3.6756941339999996	187.769264	0.44137074600000004	0.0	1888.4641620000002
Ccr7	7.04081227	9.563675793	9.51376555	0.0	20.21631774	4349.340468	343.38644039999997	475.5036214	0.0
Rnf144b	-10.08690727	28.69102738	352.5378679	77.06534863	0.0	0.0	0.0	0.0	0.0
Cdkn2aip	5.505756004	47.81837896	1.5856275919999998	7.706534863	5.513541202000001	107.0500631	192.87901599999998	305.5272137	1902.2718300000001
Ncapd2	-8.192615348	19.12735159	0.5285425305	189.6993197	839.8961097000001	3.453227843	0.0	0.0	0.0
Galnt18	-7.139183762	95.63675793	212.4740973	18.377121600000002	0.0	0.4316534804	0.0	0.0	2.12425665
Sbf2	-6.016841034	19.12735159	91.43785778	342.05158589999996	85.45988863	1.294960441	0.0	0.0	7.434898276
Gpr162	-6.71874716	239.09189480000003	108.87976129999998	93.07122873	0.9189235336	0.0	3.089595222	0.0	1.062128325
Poli	6.534903879	9.563675793	0.5285425305	0.0	4.594617668	301.2941293	316.0214541	0.0	364.31001549999996
Zfp503	-9.047111382999999	325.164977	0.0	0.0	46.86510021	0.4316534804	0.0	0.0	0.0
Hexdc	-11.73085594	3576.814746	0.0	79.43659013	328.974625	0.4316534804	0.0	0.0	1.062128325
Alkbh4	24.09943631	0.0	0.0	0.0	0.0	641.8687252999999	0.0	238.82761069999998	0.0
Gabbr2	-7.29383421	28.69102738	0.5285425305	117.3764541	87.29773569	0.4316534804	0.8827414920000001	0.0	0.0
Mcph1	-10.3237399	28.69102738	675.477354	64.61633078	608.3273793	0.8633069606999999	0.0	0.0	0.0
Trim14	10.41613546	9.563675793	0.0	0.0	0.0	214.5317797	71.9434316	0.0	2368.5461649999997
Ndp	-10.13142393	9.563675793	317.6540609	145.23854169999998	0.0	0.0	0.0	0.0	0.0
Tbc1d10c	6.279885189	162.5824885	0.5285425305	0.0	10.10815887	2940.423508	301.0148488	480.3447216	9186.347884
Zfp770	-9.128864557	19.12735159	116.27935670000001	96.62809098	374.9208017	0.0	0.8827414920000001	0.0	0.0
Gemin8	-8.386388538	9.563675793	0.0	122.11893710000001	464.0563845	0.0	0.8827414920000001	0.0	1.062128325
Ramp3	7.067824064	0.0	4.756882775	0.0	1.8378470669999998	496.83315589999995	474.9149227	164.0595074	0.0
Nbl1	-9.848145814	0.0	235.2014261	152.9450765	0.0	0.0	0.0	0.0	0.0
Arhgap32	-8.895172587000001	3060.376254	0.0	221.1182695	130.48714180000002	6.474802206000001	0.0	0.5379000242	0.0
Serpina3g	9.527707588	0.0	0.0	0.0	0.0	510.21441380000005	187.14119630000002	0.0	2.12425665
Sdk2	-9.732314976	267.78292220000003	0.0	78.25096938	16.54062361	0.0	0.0	0.0	0.0
Kctd12b	-9.747499565	19.12735159	341.4384747	235.3457185	0.9189235336	0.0	0.0	0.0	1.062128325
Alg13	-7.2788676070000005	28.69102738	6.871052897	143.46011049999998	53.29756495	0.0	1.3241122379999999	0.0	0.0
Slc24a4	-8.927686876000001	28.69102738	52.32571052	122.11893710000001	1.8378470669999998	0.0	0.0	0.0	0.0
Bag2	-8.752516839	47.81837896	1.057085061	247.201926	3.6756941339999996	0.0	0.44137074600000004	0.0	0.0
Ubash3a	7.746378797	19.12735159	0.0	0.0	5.513541202000001	675.9693503	143.8868632	0.0	3667.529107
Grap2	6.900374521	28.69102738	3.171255183	0.0	7.351388269	790.3575225999999	235.6919784	261.9573118	2681.874021
Npl	-7.665527662000001	9.563675793	124.7360372	49.20326105	373.08295469999996	0.0	0.8827414920000001	0.0	2.12425665
Stn1	8.965317832	0.0	0.0	0.5928103740999999	0.9189235336	354.8191609	0.0	541.1274243	0.0
Exog	-9.276261957000001	66.94573055	0.5285425305	145.23854169999998	1773.52242	2.158267402	0.0	0.0	1.062128325
Qrfp	7.767968562	0.0	0.0	2.96405187	0.0	263.308623	135.0594483	1.075800048	586.2948355000001
Gimap5	6.798049977000001	0.0	6.342510367	0.0	3.6756941339999996	556.4013362000001	13.24112238	11.83380053	750.9247259
Setx	5.794135702999999	76.50940634	0.5285425305	71.73005527	16.54062361	2128.914965	155.36250259999997	578.242526	6149.723003
Gimap7	7.406809121	28.69102738	0.0	0.0	2.7567706010000004	878.4148326	130.6457408	332.960115	2849.690296
Nhlrc1	-9.722495887000001	28.69102738	464.5888843	92.47841836	0.9189235336	0.0	0.44137074600000004	0.0	0.0
Ctla2a	7.077385093999999	9.563675793	1.5856275919999998	0.0	2.7567706010000004	843.4509006000001	313.81460039999996	115.64850520000002	0.0
Gpr4	-9.750208201	19.12735159	0.0	71.73005527	272.001366	0.0	0.0	0.0	0.0
A730020M07Rik	-7.521727151	0.0	163.3196419	157.0947491	1.8378470669999998	0.8633069606999999	0.0	0.0	1.062128325
Magi1	-8.206948703	14144.6765	219.34515019999998	173.1006292	1775.3602670000002	27.19416926	5.737819697999999	20.97810094	1.062128325
Fndc7	-9.342445123	47.81837896	0.0	0.0	504.48902000000004	0.0	0.0	0.0	1.062128325
Tnfrsf26	6.856461785	57.38205476	5.813967836000001	0.0	12.86492947	1569.060401	1140.943378	229.68331030000002	5121.582784
Tmem88	-7.178611325	9.563675793	343.0241023	81.21502125	1.8378470669999998	0.8633069606999999	0.44137074600000004	1.6137000730000002	0.0
Col27a1	-8.404709101	11294.70111	1.057085061	36.75424319	5078.89037	43.59700152	0.44137074600000004	0.0	4.248513301
Kcnk6	-8.325956231000001	66.94573055	1.057085061	0.5928103740999999	815.0851743	1.294960441	0.44137074600000004	0.0	1.062128325
Fam46b	-9.383731597999999	200.83719159999998	0.0	83.58626275	0.0	0.0	0.0	0.0	0.0
Fam83h	-9.775621149	28.69102738	0.0	56.90979591	523.7864142	0.4316534804	0.0	0.0	0.0
4930432E11Rik	-10.667094500000001	2706.5202489999997	260.5714676	97.81371173	15.62170007	1.726613921	0.0	0.0	0.0
Tmem198b	-8.902193651000001	19.12735159	121.03623950000001	41.49672619	149.784536	0.4316534804	0.0	0.0	0.0
2810006K23Rik	-10.85205971	28.69102738	0.0	116.19083329999998	634.9761617	0.0	0.0	0.0	0.0
Gimap6	5.903280095	219.9645432	3.699797714	0.5928103740999999	77.18957682	5450.488497	495.21797699999996	1743.3339780000001	9967.012203
Kcna3	23.22934019	0.0	0.0	0.0	0.0	36.25889235	0.0	435.16111960000006	0.0
Entpd1	-11.36597443	28681.4637	1.057085061	0.5928103740999999	5407.864995	4.748188283999999	0.8827414920000001	0.0	7.434898276
Bend7	-9.045995052	0.0	284.3558814	82.400642	0.0	0.0	0.0	0.0	1.062128325
A630023P12Rik	7.794154734	0.0	0.0	0.0	3.6756941339999996	629.3507744	65.32287041	143.6193065	281.4640062
F2r	8.877253417999999	0.0	0.0	0.0	0.9189235336	139.8557276	0.8827414920000001	747.6810336	0.0
Cdk5r1	-9.809311833999999	9.563675793	223.04494790000004	0.0	145.18991830000002	0.0	0.0	0.0	0.0
Ppp1r3d	-9.759219527	0.0	210.3599272	152.35226609999998	1.8378470669999998	0.0	0.0	0.0	0.0
Agmo	-6.919904949	86.07308213	42.28340244	88.32874574	351.0287898	0.4316534804	0.44137074600000004	0.0	4.248513301
Klre1	7.976247895	0.0	0.0	0.0	2.7567706010000004	465.75410530000005	242.3125395	309.8304139	1.062128325
Evc2	-25.49692157	898.9855244999999	0.5285425305	68.17319302	0.0	0.0	0.0	0.0	0.0
Fam78a	6.94361486	9.563675793	0.5285425305	0.0	0.9189235336	458.41599620000005	119.1701014	0.0	15.93192488
Zfp831	7.130019427000001	47.81837896	0.5285425305	0.0	1.8378470669999998	591.3652681	99.30841785	370.07521660000003	4925.089043999999
Gdpgp1	-11.22238909	19.12735159	368.3941438	125.0829889	1149.573341	0.4316534804	0.0	0.0	0.0
Zfp46	-8.152569082000001	0.0	0.0	33.79019132	299.569072	0.4316534804	0.0	0.0	1.062128325
Plpp7	-11.13927616	9.563675793	395.3498128	126.86142009999999	419.0291313	0.0	0.0	0.0	0.0
Senp8	-9.977027324	9.563675793	424.9481946	0.0	642.32755	0.8633069606999999	0.0	0.0	0.0
Rinl	6.575147509	95.63675793	3.171255183	21.93398384	9.189235336	1248.341865	169.0449957	618.0471278	9694.045224
Prdm9	-10.36333966	19.12735159	129.49292	59.28103741	707.5711209	0.4316534804	0.0	0.0	0.0
Btla	9.349793469	0.0	0.0	0.0	0.9189235336	494.67488849999995	69.73657787	605.1375272000001	15.93192488
Mpp3	-8.506199472	95.63675793	157.5056741	0.0	0.9189235336	0.4316534804	0.0	0.0	0.0
Robo2	-9.157129028	66.94573055	548.6271467	0.0	0.9189235336	0.0	0.8827414920000001	0.0	0.0
Zfp952	-9.229997927000001	28.69102738	0.0	539.4574404	807.7337861000001	0.4316534804	0.0	0.0	2.12425665
Zfp472	6.80664278	9.563675793	0.0	0.0	3.6756941339999996	710.5016287000001	234.8092369	0.5379000242	5.310641626000001
Iigp1	8.345095438	9.563675793	0.0	0.5928103740999999	2.7567706010000004	2321.432417	268.79478430000006	0.5379000242	1.062128325
Rhob	-6.163025608	37078.37105	147.46336599999998	316.5607398	4261.9673490000005	272.3733461	290.8633216	12.37170056	7.434898276
Gimap4	5.8989320439999995	191.2735159	3.699797714	1.185620748	24.81093541	5969.767634000001	1560.686958	244.20661099999998	4907.032862
Trim65	-8.808466516000001	736.403036	5.285425305	50.98169217	444.7589903	0.0	0.8827414920000001	0.0	2.12425665
Zfp867	-10.01345378	19.12735159	0.0	219.93264879999998	865.6259687	0.8633069606999999	0.0	0.0	0.0
Smim10l2a	-10.63274285	47.81837896	855.7103569	93.66403911	844.4907274	0.4316534804	0.0	0.0	1.062128325
Zkscan4	-8.271902441	143.45513689999999	1.5856275919999998	0.0	702.0575797	1.294960441	1.3241122379999999	0.0	0.0
H2-Q5	5.705929377	47.81837896	8.985223019	0.5928103740999999	29.40555308	445.4663916999999	11.03426865	172.6659078	3710.01424
Lair1	-5.669930898	41879.3363	619.9803883	99.59214285	15517.86171	267.6251578	825.8046657000001	34.96350157	12.7455399
Abcd2	-9.746039948	229.528219	406.97774849999996	98.40652209999999	3975.263206	3.021574363	1.3241122379999999	0.0	1.062128325
Ms4a4b	5.345881741	583.3842234	297.0409022	0.5928103740999999	39.51371195	6007.321486	2415.180722	584.6973263	28234.557269999998
Actr3b	-9.737077738	659.8936297	0.0	254.31565049999998	1.8378470669999998	0.8633069606999999	0.0	0.0	0.0
Skap1	5.713788626	124.32778529999999	2.6427126530000002	0.0	25.72985894	3568.4793219999997	1121.0816949999999	179.1207081	2787.024725
Armc7	6.325044049	66.94573055	0.0	0.0	10.10815887	752.3720162999999	106.37034979999999	125.33070559999999	4732.843817
Zfp53	6.030785888	19.12735159	0.0	5.928103741	1.8378470669999998	717.4080844	15.88934686	725.0892326000001	9.559154926
Ankrd29	-8.374025466	38.25470317	819.2409223	56.90979591	0.0	0.0	2.6482244759999998	0.0	0.0
Espl1	-8.942999382	57.38205476	356.76620810000003	173.1006292	524.7053377000001	1.294960441	0.0	0.0	1.062128325
Ntrk3	-8.351047235	2276.1548390000003	779.6002326	102.5561947	423.62374900000003	0.4316534804	0.44137074600000004	0.0	10.62128325
AU019823	-5.638107847000001	38.25470317	332.98179419999997	47.42482993	716.7603562	0.4316534804	0.8827414920000001	19.36440087	2.12425665
Pyroxd2	-7.428784812000001	0.0	0.5285425305	34.38300170000001	359.29910160000003	0.8633069606999999	0.44137074600000004	0.0	1.062128325
H2-Eb1	5.837443188	315.6013012	1.5856275919999998	0.5928103740999999	12.86492947	1297.118709	1149.3294230000001	172.6659078	15849.07887
Acvr2b	-8.631573631	19.12735159	145.8777384	91.29279761	1010.8158869999999	0.4316534804	0.0	2.689500121	0.0
Rufy4	-10.03453586	9.563675793	365.75143110000005	66.39476189999999	0.0	0.0	0.0	0.0	0.0
Rcc1l	-9.003043352999999	9.563675793	404.3350359	136.93919640000001	0.0	0.4316534804	0.44137074600000004	0.0	0.0
Zfp28	-8.487560229	95.63675793	0.0	0.0	1085.248693	1.294960441	0.0	0.0	2.12425665
Hcst	7.05222155	0.0	1.057085061	0.0	2.7567706010000004	565.4660593	22.068537300000003	122.10330549999999	0.0
Gimap8	6.513271727	66.94573055	0.5285425305	0.0	4.594617668	864.6019212000001	145.2109754	509.3913228999999	4381.2793409999995
Gm22574	-8.283748721	9.563675793	41.22631738	30.23332908	49.62187082	0.0	0.0	0.0	0.0
Zbtb6	-5.47580698	57.38205476	52.85425305	203.9267687	193.8928656	0.0	9.710156412	0.5379000242	1.062128325
Zfp810	7.503401957	19.12735159	1.057085061	2.371241496	0.0	0.0	147.8591999	462.05612080000003	2388.726603
Zfp120	-8.238268641	9.563675793	0.0	127.4542304	306.9204602	1.294960441	0.0	0.0	0.0
Il2rb	6.79002927	38.25470317	1.057085061	0.0	20.21631774	3798.982281	1085.772035	230.22121040000002	938.9214393999999
Ptprz1	-5.746428174	1013.749634	1751.0614039999998	1051.052793	213.19025980000004	56.11495245	3.972336714	0.0	14.86979655
Zfp874a	-7.92623227	143.45513689999999	0.0	90.69998724	1114.654246	3.453227843	0.44137074600000004	0.5379000242	1.062128325
Marcks	-5.566711432999999	2859.5390620000003	13.74210579	183.1784056	8591.016115999999	94.10045872	128.43888710000002	11.29590051	11.68341158
Sco1	-8.391035135	468.6201138	0.0	120.9333163	1207.465523	0.8633069606999999	0.44137074600000004	1.075800048	3.186384975
Hba-a1	-6.714331129	219.9645432	4023.794285	48.61045068	6332.302070000001	6.474802206000001	11.91701014	24.74340111	58.41705788
Gpr179	-9.653259514	468.6201138	485.20204299999995	0.5928103740999999	0.0	0.0	0.44137074600000004	0.0	1.062128325
Zswim9	-8.950662217	9.563675793	172.30486499999998	26.08365646	0.0	0.0	0.0	0.0	0.0
Treml2	7.716703631000001	0.0	0.0	0.0	6.432464735	1361.866731	0.8827414920000001	342.10441539999994	0.0
Ccdc78	-10.05759493	927.6765518999999	0.0	90.10717686	0.0	0.4316534804	0.44137074600000004	0.0	0.0
Naip5	-12.45772309	11849.39431	1.057085061	0.0	977.7346398	1.726613921	0.44137074600000004	0.0	0.0
Zfp783	-7.323804215	57.38205476	408.5633761	43.27515731	4.594617668	0.8633069606999999	0.44137074600000004	0.0	2.12425665
2310040G07Rik	9.188325397	0.0	0.0	0.0	0.0	0.0	0.44137074600000004	77.99550351	474.77136129999997
Gm12258	-8.706842437	0.0	0.5285425305	222.3038903	396.9749665	0.8633069606999999	0.44137074600000004	0.0	0.0
Hbb-bt	-9.910014509	57.38205476	1400.109163	0.0	1213.8979880000002	0.8633069606999999	0.0	0.0	2.12425665
Zfp568	-9.458481388	1740.5889940000002	0.0	113.81959180000001	1630.170349	2.589920882	2.20685373	0.0	0.0
C5ar2	-8.398435037999999	57.38205476	0.5285425305	0.0	538.4891907000001	0.8633069606999999	0.0	0.0	1.062128325
Fat3	-7.213446331	47.81837896	257.4002124	30.82613945	1.8378470669999998	1.294960441	0.0	0.0	1.062128325
Ifit3	6.438590766	105.2004337	14.79919086	0.5928103740999999	25.72985894	2101.289142	181.40337659999997	562.6434253	9294.684973000001
Ccdc58	-7.54422954	47.81837896	165.9623546	260.2437542	605.5706087	5.611495245	0.0	0.0	0.0
Carns1	5.7737260720000005	19.12735159	1.057085061	0.0	7.351388269	614.6745559999999	98.8670471	413.1072186	100.90219090000001
Trbv13-2	7.44935704	9.563675793	0.0	0.0	4.594617668	538.7035434999999	38.84062565	104.3526047	980.3444440999999
Trbc1	6.5271565879999995	57.38205476	3.171255183	0.5928103740999999	11.027082400000001	2635.244498	872.1485941	26.35710119	2456.702816
Trbj2-1	8.494992392	0.0	0.0	0.0	0.0	47.91353632	10.5928979	12.90960058	270.84272289999996
Trbc2	6.194372766	191.2735159	6.342510367	1.185620748	23.89201187	5667.610197	1731.497437	975.2127437999999	7274.516898999999
Trgv2	7.625997654	9.563675793	0.0	0.0	0.9189235336	229.63965159999998	0.0	76.38180343	449.28028150000006
Traj20	8.779597437	0.0	0.0	0.0	0.0	45.32361544	3.972336714	0.0	367.4964005
Traj18	7.668046567	0.0	0.0	0.0	0.9189235336	91.07888436	2.6482244759999998	0.0	292.08528939999997
Trac	5.369907609	334.7286527	6.871052897	50.98169217	14.70277654	4067.470746	1225.6865619999999	526.6041237	10665.89264
Chml	-9.517447814	0.0	201.90324669999998	0.0	106.59512990000002	0.0	0.0	0.0	0.0
D030028A08Rik	-7.251963442999999	2228.33646	38.58360473	95.44247023	942.8155455	10.35968353	0.8827414920000001	10.22010046	0.0
Tmem8b	-6.288517281	57.38205476	401.1637807	144.6457313	1.8378470669999998	0.0	7.061931936000001	0.5379000242	0.0
2610203C22Rik	-6.644162747999999	28.69102738	1.5856275919999998	29.04770833	271.0824424	0.4316534804	2.20685373	0.5379000242	0.0
Gm15928	-8.410807884	9.563675793	4.756882775	21.93398384	199.4064068	0.4316534804	0.0	0.0	0.0
Gm12250	7.114946346	19.12735159	0.0	0.5928103740999999	4.594617668	2187.619839	284.68413119999997	282.3975127	0.0
Gm12808	10.23557358	0.0	0.0	0.0	0.9189235336	236.97776069999998	0.0	0.0	1005.8355240000001
C630043F03Rik	-9.272193923	0.0	177.06174769999998	82.99345237	0.0	0.0	0.0	0.0	0.0
Gm14011	-26.104958800000002	1300.659908	0.0	0.0	181.0279361	0.0	0.0	0.0	0.0
Gm13684	-9.746543405	0.0	158.5627592	0.0	659.7870971	0.4316534804	0.44137074600000004	0.0	0.0
4921531C22Rik	-7.234962519	57.38205476	32.24109436	83.58626275	380.43434289999993	1.726613921	0.0	0.0	2.12425665
Lrrc75aos2	-11.08754642	9.563675793	0.0	66.98757227	841.7339568	0.0	0.0	0.0	0.0
AW822252	-8.072934362	19.12735159	4.756882775	2.96405187	159.8926949	0.0	0.44137074600000004	0.0	0.0
Plxna4os2	-9.463592468	86.07308213	0.0	0.0	574.3272085	0.8633069606999999	0.0	0.0	0.0
E130102H24Rik	-9.395894345	459.056438	25.898584	26.67646683	495.2997846	1.294960441	0.0	0.0	0.0
Gm11579	8.929411155	0.0	0.0	0.0	0.9189235336	62.58975465	29.13046924	0.0	825.2737086
Plcxd2	6.992061168999999	9.563675793	0.0	0.0	1.8378470669999998	169.6398178	380.461583	146.3088066	0.0
AW495222	-8.923862193	9.563675793	140.5923131	53.94574404	0.0	0.0	0.0	0.0	0.0
0610043K17Rik	-9.811172906	0.0	190.8038535	49.20326105	137.83853	0.0	0.0	0.0	0.0
Ier5l	-8.821366581	19.12735159	0.0	22.52679422	148.8656124	0.0	0.0	0.0	0.0
Gimap1	7.280525497	47.81837896	0.5285425305	0.0	8.270311803	1975.2463260000002	223.7749682	97.35990438	5507.1353659999995
Kcne1l	-9.471740704	9.563675793	206.1315869	81.80783163	0.9189235336	0.0	0.0	0.0	0.0
Olfr287	-13.35648236	17864.94638	0.5285425305	0.0	1355.412212	0.8633069606999999	0.0	0.0	1.062128325
1700071M16Rik	-8.804737343	114.7641095	411.20608880000003	0.0	2.7567706010000004	0.0	0.44137074600000004	0.0	1.062128325
Gm17271	-9.414250846	219.9645432	0.0	0.0	70.75711209	0.0	0.0	0.0	0.0
Tcerg1l	-9.306832153	28.69102738	230.9730858	7.113724489	0.0	0.0	0.0	0.0	0.0
Gcnt4	-10.31130981	439.92908650000004	0.0	99.59214285	0.9189235336	0.0	0.0	0.0	0.0
Rd3l	-9.459978837000001	0.0	268.49960550000003	27.86208758	0.0	0.0	0.0	0.0	0.0
Gm25082	8.755342546	0.0	0.0	0.0	0.0	0.0	30.01321073	50.56260227	329.25978080000004
Trbv12-2	7.607470125	9.563675793	0.5285425305	0.0	0.0	99.71195397	4.855078206	11.29590051	482.2062596
Trbd2	6.873674048	9.563675793	0.5285425305	0.0	0.0	34.96393191	6.179190444	3.7653001689999996	320.7627542
	-7.854893067000001	19.12735159	188.1611409	65.20914115	0.0	0.0	0.44137074600000004	0.0	1.062128325
9330159M07Rik	-6.688103851	47.81837896	167.54798219999998	21.34117347	91.89235336	0.4316534804	0.0	2.689500121	0.0
Gm26549	-9.116656127	0.0	186.5755133	45.64639881	0.9189235336	0.0	0.0	0.0	0.0
4930532G15Rik	-8.800952778	38.25470317	0.0	0.0	272.001366	0.4316534804	0.0	0.0	0.0
Gm17276	-10.85591849	57.38205476	647.4645998999999	77.06534863	0.0	0.0	0.0	0.0	0.0
Gm10516	-9.879404078	47.81837896	237.8441387	111.4483503	0.0	0.0	0.0	0.0	0.0
E030030I06Rik	-8.76994534	0.0	0.0	65.80195152	237.08227169999998	0.4316534804	0.0	0.0	0.0
Gm26873	-10.12476194	9.563675793	0.5285425305	40.31110544	419.9480549	0.0	0.0	0.0	0.0
Gm26669	-8.828320468	1817.0984010000002	0.5285425305	2.371241496	507.2457906	3.021574363	0.44137074600000004	0.5379000242	1.062128325
Gm6277	-10.15737219	0.0	405.9206635	74.10129676	0.9189235336	0.0	0.0	0.0	0.0
Jpx	-10.74210503	4667.073786999999	325.5821988	14.22744898	441.08329610000004	3.021574363	0.0	0.0	0.0
D930030I03Rik	-7.733034622999999	19.12735159	0.0	6.520914115	223.29841869999998	0.4316534804	0.0	0.0	1.062128325
Snhg4	-9.698862082	9.563675793	0.5285425305	56.31698554	510.9214847	0.4316534804	0.0	0.0	0.0
Gm26711	-9.603693584	248.65557059999998	36.99797714	0.0	258.21751290000003	0.4316534804	0.0	0.0	0.0
2810039B14Rik	-9.853069542	0.0	307.0832102	82.400642	0.0	0.0	0.0	0.0	0.0
BE692007	6.896154573	9.563675793	1.057085061	0.0	4.594617668	562.0128314	102.3980131	213.0084096	399.3602503
2810402E24Rik	-7.465107538	28.69102738	313.42572060000003	42.68234693	328.974625	3.884881323	0.0	0.0	0.0
A730094K22Rik	-8.578799221	9.563675793	233.087256	20.15555272	1.8378470669999998	0.4316534804	0.0	0.0	0.0
5830444F18Rik	8.516932955	9.563675793	0.0	0.0	0.0	46.1869224	161.10032230000002	155.45310700000002	315.4521126
Gm7694	-8.197831643999999	105.2004337	141.1208557	32.011760200000005	797.6256272	2.158267402	0.44137074600000004	0.0	1.062128325
Gm38111	8.736554676	9.563675793	0.0	0.0	0.0	17.6977927	87.83277845	0.0	728.6200311000001
Gm38158	-10.46427235	38.25470317	98.30891068	0.0	846.3285745	0.4316534804	0.0	0.0	0.0
6820402A03Rik	-8.429111432000001	86.07308213	0.5285425305	7.113724489	419.9480549	0.8633069606999999	0.44137074600000004	0.0	0.0
Gm37606	-9.2547366	9.563675793	0.0	48.0176403	366.65048989999997	0.4316534804	0.0	0.0	0.0
Tigd5	-9.650341231	9.563675793	235.72996859999998	30.82613945	61.56787675	0.0	0.0	0.0	0.0
Gm38244	8.931182154	0.0	0.0	0.0	1.8378470669999998	427.768599	187.58256699999998	0.0	851.8269167999999
Gm37254	-7.767445119	9.563675793	335.09596439999996	38.53267432	0.0	0.8633069606999999	0.0	0.0	1.062128325
E030026E10Rik	-10.67527971	1004.185958	0.0	20.74836309	119.4600594	0.4316534804	0.0	0.0	0.0
Gm43668	-9.450661623	9.563675793	293.86964700000004	74.10129676	107.5140534	0.0	0.0	0.5379000242	0.0
Gm43696	-10.06308633	28.69102738	0.0	109.66991920000001	605.5706087	0.4316534804	0.0	0.0	0.0
A930036I15Rik	-9.856009405	38.25470317	143.23502580000002	21.34117347	187.4604009	0.0	0.0	0.0	0.0
Wdr46-ps	-8.508889557	28.69102738	0.0	9.484965986	350.1098663	0.8633069606999999	0.0	0.0	0.0
Gm43065	8.99426131	0.0	0.0	0.0	0.0	192.51745219999998	289.09783860000005	0.5379000242	1.062128325
C230096K16Rik	-7.375423957000001	1329.350935	1.057085061	0.0	657.0303265	10.79133701	0.0	0.0	1.062128325
Gm43593	-9.524609773	19.12735159	0.0	62.83789965	779.2471565000001	0.4316534804	0.0	0.0	1.062128325
Gm42790	-9.828679802	296.4739496	90.38077272	0.0	0.0	0.0	0.0	0.0	0.0
A930005G22Rik	-8.381418400000001	0.0	290.1698493	20.15555272	188.3793244	0.0	1.3241122379999999	0.0	0.0
G630022F23Rik	-9.355346877	239.09189480000003	1.057085061	39.71829506	0.9189235336	0.0	0.0	0.0	0.0
Gm44093	-8.558292976	28.69102738	0.5285425305	54.53855442	318.8664662	0.8633069606999999	0.0	0.0	0.0
Gm44386	-8.957595292999999	9.563675793	60.78239101	0.0	138.7574536	0.0	0.0	0.0	0.0
Gm43980	-6.152599323	133.89146110000001	1.5856275919999998	20.74836309	258.21751290000003	0.4316534804	0.44137074600000004	0.0	5.310641626000001
Gm44428	-10.03682276	95.63675793	0.0	0.0	348.2720192	0.0	0.0	0.0	0.0
Gm44745	-7.69438731	57.38205476	1.057085061	0.0	637.7329323	0.0	0.44137074600000004	0.0	3.186384975
4833411C07Rik	-9.392849481	38.25470317	0.0	113.81959180000001	315.19077200000004	0.4316534804	0.0	0.0	0.0
E230032D23Rik	8.764716275	0.0	0.0	0.0	0.0	306.4739711	104.6048668	0.0	1.062128325
Gm4032	-8.085925502	19.12735159	39.11214726	4.1496726189999995	125.89252409999999	0.4316534804	0.0	0.0	0.0
Gm45777	-9.464615865	210.4008674	0.0	0.0	283.02844839999995	0.4316534804	0.0	0.0	0.0
Gm48740	-8.282206795	9.563675793	192.3894811	13.6346386	0.0	0.4316534804	0.0	0.0	0.0
